2026-05-13 11:13:20 [WARNING ] ai_model             LightGBM not found – rule-based mode only
2026-05-13 11:13:20 [WARNING ] ai_analyst           google-genai not installed — rule-based analyst active
2026-05-13 11:13:31 [WARNING ] ai_model             LightGBM not found – rule-based mode only
2026-05-13 11:13:31 [WARNING ] ai_analyst           google-genai not installed — rule-based analyst active
2026-05-13 11:13:42 [WARNING ] ai_model             LightGBM not found – rule-based mode only
2026-05-13 11:13:42 [WARNING ] ai_analyst           google-genai not installed — rule-based analyst active
2026-05-13 11:13:52 [WARNING ] ai_model             LightGBM not found – rule-based mode only
2026-05-13 11:13:52 [WARNING ] ai_analyst           google-genai not installed — rule-based analyst active
2026-05-13 11:14:03 [WARNING ] ai_model             LightGBM not found – rule-based mode only
2026-05-13 11:14:03 [WARNING ] ai_analyst           google-genai not installed — rule-based analyst active
2026-05-13 11:14:14 [WARNING ] ai_model             LightGBM not found – rule-based mode only
2026-05-13 11:14:14 [WARNING ] ai_analyst           google-genai not installed — rule-based analyst active
2026-05-13 11:14:25 [WARNING ] ai_model             LightGBM not found – rule-based mode only
2026-05-13 11:14:25 [WARNING ] ai_analyst           google-genai not installed — rule-based analyst active
2026-05-13 11:14:35 [WARNING ] ai_model             LightGBM not found – rule-based mode only
2026-05-13 11:14:35 [WARNING ] ai_analyst           google-genai not installed — rule-based analyst active
2026-05-13 11:14:41 [WARNING ] ai_model             LightGBM not found – rule-based mode only
2026-05-13 11:14:41 [WARNING ] ai_analyst           google-genai not installed — rule-based analyst active
2026-05-13 11:14:46 [WARNING ] ai_model             LightGBM not found – rule-based mode only
2026-05-13 11:14:46 [WARNING ] ai_analyst           google-genai not installed — rule-based analyst active
2026-05-13 11:14:57 [WARNING ] ai_model             LightGBM not found – rule-based mode only
2026-05-13 11:14:57 [WARNING ] ai_analyst           google-genai not installed — rule-based analyst active
2026-05-13 11:15:08 [WARNING ] ai_model             LightGBM not found – rule-based mode only
2026-05-13 11:15:08 [WARNING ] ai_analyst           google-genai not installed — rule-based analyst active
2026-05-13 11:15:09 [INFO    ] main                 [DRY-RUN] DRY-RUN MODE - no real orders placed
2026-05-13 11:15:09 [INFO    ] mexc_client          MEXCClient initialized | dry_run=True
2026-05-13 11:15:09 [INFO    ] data_fetcher         Database initialized: data/trades.db
2026-05-13 11:15:11 [WARNING ] ai_model             LightGBM not found – rule-based mode only
2026-05-13 11:15:11 [WARNING ] ai_analyst           google-genai not installed — rule-based analyst active
2026-05-13 11:15:12 [INFO    ] main                 [DRY-RUN] DRY-RUN MODE - no real orders placed
2026-05-13 11:15:12 [INFO    ] mexc_client          MEXCClient initialized | dry_run=True
2026-05-13 11:15:12 [INFO    ] data_fetcher         Database initialized: data/trades.db
2026-05-13 11:15:22 [WARNING ] ai_model             LightGBM not found – rule-based mode only
2026-05-13 11:15:22 [WARNING ] ai_analyst           google-genai not installed — rule-based analyst active
2026-05-13 11:15:23 [INFO    ] main                 [DRY-RUN] DRY-RUN MODE - no real orders placed
2026-05-13 11:15:23 [INFO    ] mexc_client          MEXCClient initialized | dry_run=True
2026-05-13 11:15:23 [INFO    ] data_fetcher         Database initialized: data/trades.db
2026-05-13 11:15:34 [WARNING ] ai_model             LightGBM not found – rule-based mode only
2026-05-13 11:15:34 [WARNING ] ai_analyst           google-genai not installed — rule-based analyst active
2026-05-13 11:15:35 [INFO    ] main                 [DRY-RUN] DRY-RUN MODE - no real orders placed
2026-05-13 11:15:35 [INFO    ] mexc_client          MEXCClient initialized | dry_run=True
2026-05-13 11:15:35 [INFO    ] data_fetcher         Database initialized: data/trades.db
2026-05-13 11:15:41 [WARNING ] ai_model             LightGBM not found – rule-based mode only
2026-05-13 11:15:41 [WARNING ] ai_analyst           google-genai not installed — rule-based analyst active
2026-05-13 11:15:42 [INFO    ] main                 [DRY-RUN] DRY-RUN MODE - no real orders placed
2026-05-13 11:15:42 [INFO    ] mexc_client          MEXCClient initialized | dry_run=True
2026-05-13 11:15:42 [INFO    ] data_fetcher         Database initialized: data/trades.db
2026-05-13 11:15:46 [WARNING ] ai_model             LightGBM not found – rule-based mode only
2026-05-13 11:15:46 [WARNING ] ai_analyst           google-genai not installed — rule-based analyst active
2026-05-13 11:15:47 [INFO    ] main                 [DRY-RUN] DRY-RUN MODE - no real orders placed
2026-05-13 11:15:47 [INFO    ] mexc_client          MEXCClient initialized | dry_run=True
2026-05-13 11:15:47 [INFO    ] data_fetcher         Database initialized: data/trades.db
2026-05-13 11:15:55 [WARNING ] ai_model             LightGBM not found – rule-based mode only
2026-05-13 11:15:55 [WARNING ] ai_analyst           google-genai not installed — rule-based analyst active
2026-05-13 11:15:56 [INFO    ] main                 [DRY-RUN] DRY-RUN MODE - no real orders placed
2026-05-13 11:15:56 [INFO    ] mexc_client          MEXCClient initialized | dry_run=True
2026-05-13 11:15:56 [INFO    ] data_fetcher         Database initialized: data/trades.db
2026-05-13 11:15:56 [INFO    ] ai_analyst           AI Analyst running in rule-based mode (no GEMINI_API_KEY)
2026-05-13 11:15:56 [INFO    ] trader               Loaded 0 open positions from DB
2026-05-13 11:15:56 [INFO    ] trader               Trader ready | dry_run=True | open=0
2026-05-13 11:15:56 [INFO    ] main                 ============================================================
2026-05-13 11:15:56 [INFO    ] main                   MEXC SCALPING AI BOT  |  dry_run=True
2026-05-13 11:15:56 [INFO    ] main                   Symbols : BTC_USDT, ETH_USDT, XAUT_USDT, SILVER_USDT, USOIL_USDT
2026-05-13 11:15:56 [INFO    ] main                   Interval: Min1 | Check: 3s
2026-05-13 11:15:56 [INFO    ] main                 ============================================================
2026-05-13 11:15:56 [INFO    ] mexc_client          Testing MEXC connection...
2026-05-13 11:15:57 [INFO    ] mexc_client          ✓ Public API OK | BTC price: 81067.7
2026-05-13 11:15:58 [ERROR   ] mexc_client          GET /api/v1/private/account/assets failed: 401 Client Error: Unauthorized for url: https://contract.mexc.com/api/v1/private/account/assets
2026-05-13 11:15:58 [INFO    ] mexc_client          ✓ Private API OK | Got account data
2026-05-13 11:15:58 [INFO    ] main                 Loading 1-minute historical data...
2026-05-13 11:15:58 [INFO    ] data_fetcher         Loading history for BTC_USDT...
2026-05-13 11:15:58 [INFO    ] data_fetcher           [OK] BTC_USDT: 300 candles loaded
2026-05-13 11:15:58 [INFO    ] data_fetcher         Loading history for ETH_USDT...
2026-05-13 11:15:59 [INFO    ] data_fetcher           [OK] ETH_USDT: 300 candles loaded
2026-05-13 11:15:59 [INFO    ] data_fetcher         Loading history for XAUT_USDT...
2026-05-13 11:15:59 [INFO    ] data_fetcher           [OK] XAUT_USDT: 300 candles loaded
2026-05-13 11:15:59 [INFO    ] data_fetcher         Loading history for SILVER_USDT...
2026-05-13 11:15:59 [INFO    ] data_fetcher           [OK] SILVER_USDT: 300 candles loaded
2026-05-13 11:15:59 [INFO    ] data_fetcher         Loading history for USOIL_USDT...
2026-05-13 11:16:00 [INFO    ] data_fetcher           [OK] USOIL_USDT: 301 candles loaded
2026-05-13 11:16:00 [INFO    ] data_fetcher         Database initialized: data/trades_htf.db
2026-05-13 11:16:00 [INFO    ] main                 Loading 5-minute higher-timeframe data...
2026-05-13 11:16:00 [INFO    ] data_fetcher         Loading history for BTC_USDT...
2026-05-13 11:16:00 [INFO    ] data_fetcher           [OK] BTC_USDT: 100 candles loaded
2026-05-13 11:16:00 [INFO    ] data_fetcher         Loading history for ETH_USDT...
2026-05-13 11:16:00 [INFO    ] data_fetcher           [OK] ETH_USDT: 100 candles loaded
2026-05-13 11:16:00 [INFO    ] data_fetcher         Loading history for XAUT_USDT...
2026-05-13 11:16:01 [INFO    ] data_fetcher           [OK] XAUT_USDT: 100 candles loaded
2026-05-13 11:16:01 [INFO    ] data_fetcher         Loading history for SILVER_USDT...
2026-05-13 11:16:01 [INFO    ] data_fetcher           [OK] SILVER_USDT: 100 candles loaded
2026-05-13 11:16:01 [INFO    ] data_fetcher         Loading history for USOIL_USDT...
2026-05-13 11:16:02 [INFO    ] data_fetcher           [OK] USOIL_USDT: 101 candles loaded
2026-05-13 11:16:02 [ERROR   ] mexc_client          POST /api/v1/private/position/change_leverage failed: 401 Client Error: Unauthorized for url: https://contract.mexc.com/api/v1/private/position/change_leverage
2026-05-13 11:16:04 [ERROR   ] mexc_client          POST /api/v1/private/position/change_leverage failed: 401 Client Error: Unauthorized for url: https://contract.mexc.com/api/v1/private/position/change_leverage
2026-05-13 11:16:04 [INFO    ] main                   Leverage set: BTC_USDT x 10
2026-05-13 11:16:04 [ERROR   ] mexc_client          POST /api/v1/private/position/change_leverage failed: 401 Client Error: Unauthorized for url: https://contract.mexc.com/api/v1/private/position/change_leverage
2026-05-13 11:16:05 [ERROR   ] mexc_client          POST /api/v1/private/position/change_leverage failed: 401 Client Error: Unauthorized for url: https://contract.mexc.com/api/v1/private/position/change_leverage
2026-05-13 11:16:05 [INFO    ] main                   Leverage set: ETH_USDT x 10
2026-05-13 11:16:06 [ERROR   ] mexc_client          POST /api/v1/private/position/change_leverage failed: 401 Client Error: Unauthorized for url: https://contract.mexc.com/api/v1/private/position/change_leverage
2026-05-13 11:16:07 [ERROR   ] mexc_client          POST /api/v1/private/position/change_leverage failed: 401 Client Error: Unauthorized for url: https://contract.mexc.com/api/v1/private/position/change_leverage
2026-05-13 11:16:07 [INFO    ] main                   Leverage set: XAUT_USDT x 10
2026-05-13 11:16:08 [ERROR   ] mexc_client          POST /api/v1/private/position/change_leverage failed: 401 Client Error: Unauthorized for url: https://contract.mexc.com/api/v1/private/position/change_leverage
2026-05-13 11:16:08 [ERROR   ] mexc_client          POST /api/v1/private/position/change_leverage failed: 401 Client Error: Unauthorized for url: https://contract.mexc.com/api/v1/private/position/change_leverage
2026-05-13 11:16:08 [INFO    ] main                   Leverage set: SILVER_USDT x 10
2026-05-13 11:16:09 [ERROR   ] mexc_client          POST /api/v1/private/position/change_leverage failed: 401 Client Error: Unauthorized for url: https://contract.mexc.com/api/v1/private/position/change_leverage
2026-05-13 11:16:10 [ERROR   ] mexc_client          POST /api/v1/private/position/change_leverage failed: 401 Client Error: Unauthorized for url: https://contract.mexc.com/api/v1/private/position/change_leverage
2026-05-13 11:16:10 [INFO    ] main                   Leverage set: USOIL_USDT x 10
2026-05-13 11:16:10 [INFO    ] main                 Initializing AI models...
2026-05-13 11:16:11 [INFO    ] main                   Advanced AI trained: BTC_USDT
2026-05-13 11:16:11 [INFO    ] main                   Advanced AI trained: ETH_USDT
2026-05-13 11:16:12 [INFO    ] main                   Advanced AI trained: XAUT_USDT
2026-05-13 11:16:14 [INFO    ] main                   Advanced AI trained: SILVER_USDT
2026-05-13 11:16:24 [WARNING ] ai_model             LightGBM not found – rule-based mode only
2026-05-13 11:16:24 [WARNING ] ai_analyst           google-genai not installed — rule-based analyst active
2026-05-13 11:16:25 [INFO    ] main                 [DRY-RUN] DRY-RUN MODE - no real orders placed
2026-05-13 11:16:25 [INFO    ] mexc_client          MEXCClient initialized | dry_run=True
2026-05-13 11:16:25 [INFO    ] data_fetcher         Database initialized: data/trades.db
2026-05-13 11:16:25 [INFO    ] ai_analyst           AI Analyst running in rule-based mode (no GEMINI_API_KEY)
2026-05-13 11:16:25 [INFO    ] trader               Loaded 0 open positions from DB
2026-05-13 11:16:25 [INFO    ] trader               Trader ready | dry_run=True | open=0
2026-05-13 11:16:25 [INFO    ] main                 ============================================================
2026-05-13 11:16:25 [INFO    ] main                   MEXC SCALPING AI BOT  |  dry_run=True
2026-05-13 11:16:25 [INFO    ] main                   Symbols : BTC_USDT, ETH_USDT, XAUT_USDT, SILVER_USDT, USOIL_USDT
2026-05-13 11:16:25 [INFO    ] main                   Interval: Min1 | Check: 3s
2026-05-13 11:16:25 [INFO    ] main                 ============================================================
2026-05-13 11:16:25 [INFO    ] mexc_client          Testing MEXC connection...
2026-05-13 11:16:26 [INFO    ] mexc_client          ✓ Public API OK | BTC price: 81058.3
2026-05-13 11:16:27 [ERROR   ] mexc_client          GET /api/v1/private/account/assets failed: 401 Client Error: Unauthorized for url: https://contract.mexc.com/api/v1/private/account/assets
2026-05-13 11:16:27 [INFO    ] mexc_client          ✓ Private API OK | Got account data
2026-05-13 11:16:27 [INFO    ] main                 Loading 1-minute historical data...
2026-05-13 11:16:27 [INFO    ] data_fetcher         Loading history for BTC_USDT...
2026-05-13 11:16:27 [INFO    ] data_fetcher           [OK] BTC_USDT: 300 candles loaded
2026-05-13 11:16:27 [INFO    ] data_fetcher         Loading history for ETH_USDT...
2026-05-13 11:16:28 [INFO    ] data_fetcher           [OK] ETH_USDT: 300 candles loaded
2026-05-13 11:16:28 [INFO    ] data_fetcher         Loading history for XAUT_USDT...
2026-05-13 11:16:28 [INFO    ] data_fetcher           [OK] XAUT_USDT: 300 candles loaded
2026-05-13 11:16:28 [INFO    ] data_fetcher         Loading history for SILVER_USDT...
2026-05-13 11:16:28 [INFO    ] data_fetcher           [OK] SILVER_USDT: 300 candles loaded
2026-05-13 11:16:28 [INFO    ] data_fetcher         Loading history for USOIL_USDT...
2026-05-13 11:16:29 [INFO    ] data_fetcher           [OK] USOIL_USDT: 301 candles loaded
2026-05-13 11:16:29 [INFO    ] data_fetcher         Database initialized: data/trades_htf.db
2026-05-13 11:16:29 [INFO    ] main                 Loading 5-minute higher-timeframe data...
2026-05-13 11:16:29 [INFO    ] data_fetcher         Loading history for BTC_USDT...
2026-05-13 11:16:29 [INFO    ] data_fetcher           [OK] BTC_USDT: 100 candles loaded
2026-05-13 11:16:29 [INFO    ] data_fetcher         Loading history for ETH_USDT...
2026-05-13 11:16:29 [INFO    ] data_fetcher           [OK] ETH_USDT: 100 candles loaded
2026-05-13 11:16:29 [INFO    ] data_fetcher         Loading history for XAUT_USDT...
2026-05-13 11:16:29 [INFO    ] data_fetcher           [OK] XAUT_USDT: 100 candles loaded
2026-05-13 11:16:29 [INFO    ] data_fetcher         Loading history for SILVER_USDT...
2026-05-13 11:16:30 [INFO    ] data_fetcher           [OK] SILVER_USDT: 100 candles loaded
2026-05-13 11:16:30 [INFO    ] data_fetcher         Loading history for USOIL_USDT...
2026-05-13 11:16:30 [INFO    ] data_fetcher           [OK] USOIL_USDT: 101 candles loaded
2026-05-13 11:16:30 [ERROR   ] mexc_client          POST /api/v1/private/position/change_leverage failed: 401 Client Error: Unauthorized for url: https://contract.mexc.com/api/v1/private/position/change_leverage
2026-05-13 11:16:31 [ERROR   ] mexc_client          POST /api/v1/private/position/change_leverage failed: 401 Client Error: Unauthorized for url: https://contract.mexc.com/api/v1/private/position/change_leverage
2026-05-13 11:16:31 [INFO    ] main                   Leverage set: BTC_USDT x 10
2026-05-13 11:16:32 [ERROR   ] mexc_client          POST /api/v1/private/position/change_leverage failed: 401 Client Error: Unauthorized for url: https://contract.mexc.com/api/v1/private/position/change_leverage
2026-05-13 11:16:33 [ERROR   ] mexc_client          POST /api/v1/private/position/change_leverage failed: 401 Client Error: Unauthorized for url: https://contract.mexc.com/api/v1/private/position/change_leverage
2026-05-13 11:16:33 [INFO    ] main                   Leverage set: ETH_USDT x 10
2026-05-13 11:16:34 [ERROR   ] mexc_client          POST /api/v1/private/position/change_leverage failed: 401 Client Error: Unauthorized for url: https://contract.mexc.com/api/v1/private/position/change_leverage
2026-05-13 11:16:35 [ERROR   ] mexc_client          POST /api/v1/private/position/change_leverage failed: 401 Client Error: Unauthorized for url: https://contract.mexc.com/api/v1/private/position/change_leverage
2026-05-13 11:16:35 [INFO    ] main                   Leverage set: XAUT_USDT x 10
2026-05-13 11:16:36 [ERROR   ] mexc_client          POST /api/v1/private/position/change_leverage failed: 401 Client Error: Unauthorized for url: https://contract.mexc.com/api/v1/private/position/change_leverage
2026-05-13 11:16:37 [ERROR   ] mexc_client          POST /api/v1/private/position/change_leverage failed: 401 Client Error: Unauthorized for url: https://contract.mexc.com/api/v1/private/position/change_leverage
2026-05-13 11:16:37 [INFO    ] main                   Leverage set: SILVER_USDT x 10
2026-05-13 11:16:38 [ERROR   ] mexc_client          POST /api/v1/private/position/change_leverage failed: 401 Client Error: Unauthorized for url: https://contract.mexc.com/api/v1/private/position/change_leverage
2026-05-13 11:16:38 [ERROR   ] mexc_client          POST /api/v1/private/position/change_leverage failed: 401 Client Error: Unauthorized for url: https://contract.mexc.com/api/v1/private/position/change_leverage
2026-05-13 11:16:38 [INFO    ] main                   Leverage set: USOIL_USDT x 10
2026-05-13 11:16:38 [INFO    ] main                 Initializing AI models...
2026-05-13 11:16:39 [INFO    ] main                   Advanced AI trained: BTC_USDT
2026-05-13 11:16:39 [INFO    ] main                   Advanced AI trained: ETH_USDT
2026-05-13 11:16:40 [INFO    ] main                   Advanced AI trained: XAUT_USDT
2026-05-13 11:16:42 [INFO    ] main                   Advanced AI trained: SILVER_USDT
2026-05-13 11:16:53 [WARNING ] ai_model             LightGBM not found – rule-based mode only
2026-05-13 11:16:53 [WARNING ] ai_analyst           google-genai not installed — rule-based analyst active
2026-05-13 11:16:53 [INFO    ] main                 [DRY-RUN] DRY-RUN MODE - no real orders placed
2026-05-13 11:16:53 [INFO    ] mexc_client          MEXCClient initialized | dry_run=True
2026-05-13 11:16:53 [INFO    ] data_fetcher         Database initialized: data/trades.db
2026-05-13 11:16:53 [INFO    ] ai_analyst           AI Analyst running in rule-based mode (no GEMINI_API_KEY)
2026-05-13 11:16:53 [INFO    ] trader               Loaded 0 open positions from DB
2026-05-13 11:16:53 [INFO    ] trader               Trader ready | dry_run=True | open=0
2026-05-13 11:16:53 [INFO    ] main                 ============================================================
2026-05-13 11:16:53 [INFO    ] main                   MEXC SCALPING AI BOT  |  dry_run=True
2026-05-13 11:16:53 [INFO    ] main                   Symbols : BTC_USDT, ETH_USDT, XAUT_USDT, SILVER_USDT, USOIL_USDT
2026-05-13 11:16:53 [INFO    ] main                   Interval: Min1 | Check: 3s
2026-05-13 11:16:53 [INFO    ] main                 ============================================================
2026-05-13 11:16:53 [INFO    ] mexc_client          Testing MEXC connection...
2026-05-13 11:16:54 [INFO    ] mexc_client          ✓ Public API OK | BTC price: 81049.1
2026-05-13 11:16:55 [ERROR   ] mexc_client          GET /api/v1/private/account/assets failed: 401 Client Error: Unauthorized for url: https://contract.mexc.com/api/v1/private/account/assets
2026-05-13 11:16:55 [INFO    ] mexc_client          ✓ Private API OK | Got account data
2026-05-13 11:16:55 [INFO    ] main                 Loading 1-minute historical data...
2026-05-13 11:16:55 [INFO    ] data_fetcher         Loading history for BTC_USDT...
2026-05-13 11:16:55 [INFO    ] data_fetcher           [OK] BTC_USDT: 300 candles loaded
2026-05-13 11:16:55 [INFO    ] data_fetcher         Loading history for ETH_USDT...
2026-05-13 11:16:56 [INFO    ] data_fetcher           [OK] ETH_USDT: 300 candles loaded
2026-05-13 11:16:56 [INFO    ] data_fetcher         Loading history for XAUT_USDT...
2026-05-13 11:16:56 [INFO    ] data_fetcher           [OK] XAUT_USDT: 300 candles loaded
2026-05-13 11:16:56 [INFO    ] data_fetcher         Loading history for SILVER_USDT...
2026-05-13 11:16:56 [INFO    ] data_fetcher           [OK] SILVER_USDT: 300 candles loaded
2026-05-13 11:16:56 [INFO    ] data_fetcher         Loading history for USOIL_USDT...
2026-05-13 11:16:57 [INFO    ] data_fetcher           [OK] USOIL_USDT: 301 candles loaded
2026-05-13 11:16:57 [INFO    ] data_fetcher         Database initialized: data/trades_htf.db
2026-05-13 11:16:57 [INFO    ] main                 Loading 5-minute higher-timeframe data...
2026-05-13 11:16:57 [INFO    ] data_fetcher         Loading history for BTC_USDT...
2026-05-13 11:16:57 [INFO    ] data_fetcher           [OK] BTC_USDT: 100 candles loaded
2026-05-13 11:16:57 [INFO    ] data_fetcher         Loading history for ETH_USDT...
2026-05-13 11:16:57 [INFO    ] data_fetcher           [OK] ETH_USDT: 100 candles loaded
2026-05-13 11:16:57 [INFO    ] data_fetcher         Loading history for XAUT_USDT...
2026-05-13 11:16:58 [INFO    ] data_fetcher           [OK] XAUT_USDT: 100 candles loaded
2026-05-13 11:16:58 [INFO    ] data_fetcher         Loading history for SILVER_USDT...
2026-05-13 11:16:58 [INFO    ] data_fetcher           [OK] SILVER_USDT: 100 candles loaded
2026-05-13 11:16:58 [INFO    ] data_fetcher         Loading history for USOIL_USDT...
2026-05-13 11:16:58 [INFO    ] data_fetcher           [OK] USOIL_USDT: 101 candles loaded
2026-05-13 11:16:59 [ERROR   ] mexc_client          POST /api/v1/private/position/change_leverage failed: 401 Client Error: Unauthorized for url: https://contract.mexc.com/api/v1/private/position/change_leverage
2026-05-13 11:16:59 [ERROR   ] mexc_client          POST /api/v1/private/position/change_leverage failed: 401 Client Error: Unauthorized for url: https://contract.mexc.com/api/v1/private/position/change_leverage
2026-05-13 11:16:59 [INFO    ] main                   Leverage set: BTC_USDT x 10
2026-05-13 11:17:01 [ERROR   ] mexc_client          POST /api/v1/private/position/change_leverage failed: 401 Client Error: Unauthorized for url: https://contract.mexc.com/api/v1/private/position/change_leverage
2026-05-13 11:17:01 [ERROR   ] mexc_client          POST /api/v1/private/position/change_leverage failed: 401 Client Error: Unauthorized for url: https://contract.mexc.com/api/v1/private/position/change_leverage
2026-05-13 11:17:01 [INFO    ] main                   Leverage set: ETH_USDT x 10
2026-05-13 11:17:02 [ERROR   ] mexc_client          POST /api/v1/private/position/change_leverage failed: 401 Client Error: Unauthorized for url: https://contract.mexc.com/api/v1/private/position/change_leverage
2026-05-13 11:17:06 [ERROR   ] mexc_client          POST /api/v1/private/position/change_leverage failed: 401 Client Error: Unauthorized for url: https://contract.mexc.com/api/v1/private/position/change_leverage
2026-05-13 11:17:06 [INFO    ] main                   Leverage set: XAUT_USDT x 10
2026-05-13 11:17:07 [ERROR   ] mexc_client          POST /api/v1/private/position/change_leverage failed: 401 Client Error: Unauthorized for url: https://contract.mexc.com/api/v1/private/position/change_leverage
2026-05-13 11:17:08 [ERROR   ] mexc_client          POST /api/v1/private/position/change_leverage failed: 401 Client Error: Unauthorized for url: https://contract.mexc.com/api/v1/private/position/change_leverage
2026-05-13 11:17:08 [INFO    ] main                   Leverage set: SILVER_USDT x 10
2026-05-13 11:17:09 [ERROR   ] mexc_client          POST /api/v1/private/position/change_leverage failed: 401 Client Error: Unauthorized for url: https://contract.mexc.com/api/v1/private/position/change_leverage
2026-05-13 11:17:10 [ERROR   ] mexc_client          POST /api/v1/private/position/change_leverage failed: 401 Client Error: Unauthorized for url: https://contract.mexc.com/api/v1/private/position/change_leverage
2026-05-13 11:17:10 [INFO    ] main                   Leverage set: USOIL_USDT x 10
2026-05-13 11:17:10 [INFO    ] main                 Initializing AI models...
2026-05-13 11:17:11 [INFO    ] main                   Advanced AI trained: BTC_USDT
2026-05-13 11:17:11 [INFO    ] main                   Advanced AI trained: ETH_USDT
2026-05-13 11:17:12 [INFO    ] main                   Advanced AI trained: XAUT_USDT
2026-05-13 11:17:14 [INFO    ] main                   Advanced AI trained: SILVER_USDT
2026-05-13 11:17:25 [WARNING ] ai_model             LightGBM not found – rule-based mode only
2026-05-13 11:17:25 [WARNING ] ai_analyst           google-genai not installed — rule-based analyst active
2026-05-13 11:17:26 [INFO    ] main                 [DRY-RUN] DRY-RUN MODE - no real orders placed
2026-05-13 11:17:26 [INFO    ] mexc_client          MEXCClient initialized | dry_run=True
2026-05-13 11:17:26 [INFO    ] data_fetcher         Database initialized: data/trades.db
2026-05-13 11:17:26 [INFO    ] ai_analyst           AI Analyst running in rule-based mode (no GEMINI_API_KEY)
2026-05-13 11:17:26 [INFO    ] trader               Loaded 0 open positions from DB
2026-05-13 11:17:26 [INFO    ] trader               Trader ready | dry_run=True | open=0
2026-05-13 11:17:26 [INFO    ] main                 ============================================================
2026-05-13 11:17:26 [INFO    ] main                   MEXC SCALPING AI BOT  |  dry_run=True
2026-05-13 11:17:26 [INFO    ] main                   Symbols : BTC_USDT, ETH_USDT, XAUT_USDT, SILVER_USDT, USOIL_USDT
2026-05-13 11:17:26 [INFO    ] main                   Interval: Min1 | Check: 3s
2026-05-13 11:17:26 [INFO    ] main                 ============================================================
2026-05-13 11:17:26 [INFO    ] mexc_client          Testing MEXC connection...
2026-05-13 11:17:27 [INFO    ] mexc_client          ✓ Public API OK | BTC price: 81068.7
2026-05-13 11:17:27 [ERROR   ] mexc_client          GET /api/v1/private/account/assets failed: 401 Client Error: Unauthorized for url: https://contract.mexc.com/api/v1/private/account/assets
2026-05-13 11:17:27 [INFO    ] mexc_client          ✓ Private API OK | Got account data
2026-05-13 11:17:27 [INFO    ] main                 Loading 1-minute historical data...
2026-05-13 11:17:27 [INFO    ] data_fetcher         Loading history for BTC_USDT...
2026-05-13 11:17:27 [INFO    ] data_fetcher           [OK] BTC_USDT: 300 candles loaded
2026-05-13 11:17:27 [INFO    ] data_fetcher         Loading history for ETH_USDT...
2026-05-13 11:17:28 [INFO    ] data_fetcher           [OK] ETH_USDT: 300 candles loaded
2026-05-13 11:17:28 [INFO    ] data_fetcher         Loading history for XAUT_USDT...
2026-05-13 11:17:28 [INFO    ] data_fetcher           [OK] XAUT_USDT: 300 candles loaded
2026-05-13 11:17:28 [INFO    ] data_fetcher         Loading history for SILVER_USDT...
2026-05-13 11:17:28 [INFO    ] data_fetcher           [OK] SILVER_USDT: 300 candles loaded
2026-05-13 11:17:28 [INFO    ] data_fetcher         Loading history for USOIL_USDT...
2026-05-13 11:17:28 [INFO    ] data_fetcher           [OK] USOIL_USDT: 301 candles loaded
2026-05-13 11:17:28 [INFO    ] data_fetcher         Database initialized: data/trades_htf.db
2026-05-13 11:17:28 [INFO    ] main                 Loading 5-minute higher-timeframe data...
2026-05-13 11:17:28 [INFO    ] data_fetcher         Loading history for BTC_USDT...
2026-05-13 11:17:29 [WARNING ] ai_model             LightGBM not found – rule-based mode only
2026-05-13 11:17:29 [WARNING ] ai_analyst           google-genai not installed — rule-based analyst active
2026-05-13 11:17:29 [INFO    ] data_fetcher           [OK] BTC_USDT: 100 candles loaded
2026-05-13 11:17:29 [INFO    ] data_fetcher         Loading history for ETH_USDT...
2026-05-13 11:17:29 [INFO    ] data_fetcher           [OK] ETH_USDT: 100 candles loaded
2026-05-13 11:17:29 [INFO    ] data_fetcher         Loading history for XAUT_USDT...
2026-05-13 11:17:29 [INFO    ] data_fetcher           [OK] XAUT_USDT: 100 candles loaded
2026-05-13 11:17:29 [INFO    ] data_fetcher         Loading history for SILVER_USDT...
2026-05-13 11:17:29 [INFO    ] main                 [DRY-RUN] DRY-RUN MODE - no real orders placed
2026-05-13 11:17:29 [INFO    ] mexc_client          MEXCClient initialized | dry_run=True
2026-05-13 11:17:29 [INFO    ] data_fetcher         Database initialized: data/trades.db
2026-05-13 11:17:29 [INFO    ] ai_analyst           AI Analyst running in rule-based mode (no GEMINI_API_KEY)
2026-05-13 11:17:29 [INFO    ] trader               Loaded 0 open positions from DB
2026-05-13 11:17:29 [INFO    ] trader               Trader ready | dry_run=True | open=0
2026-05-13 11:17:29 [INFO    ] main                 ============================================================
2026-05-13 11:17:29 [INFO    ] main                   MEXC SCALPING AI BOT  |  dry_run=True
2026-05-13 11:17:29 [INFO    ] main                   Symbols : BTC_USDT, ETH_USDT, XAUT_USDT, SILVER_USDT, USOIL_USDT
2026-05-13 11:17:29 [INFO    ] main                   Interval: Min1 | Check: 3s
2026-05-13 11:17:29 [INFO    ] main                 ============================================================
2026-05-13 11:17:29 [INFO    ] mexc_client          Testing MEXC connection...
2026-05-13 11:17:29 [INFO    ] data_fetcher           [OK] SILVER_USDT: 100 candles loaded
2026-05-13 11:17:29 [INFO    ] data_fetcher         Loading history for USOIL_USDT...
2026-05-13 11:17:30 [INFO    ] data_fetcher           [OK] USOIL_USDT: 101 candles loaded
2026-05-13 11:17:30 [ERROR   ] mexc_client          POST /api/v1/private/position/change_leverage failed: 401 Client Error: Unauthorized for url: https://contract.mexc.com/api/v1/private/position/change_leverage
2026-05-13 11:17:30 [INFO    ] mexc_client          ✓ Public API OK | BTC price: 81068.7
2026-05-13 11:17:30 [ERROR   ] mexc_client          GET /api/v1/private/account/assets failed: 401 Client Error: Unauthorized for url: https://contract.mexc.com/api/v1/private/account/assets
2026-05-13 11:17:30 [INFO    ] mexc_client          ✓ Private API OK | Got account data
2026-05-13 11:17:30 [INFO    ] main                 Loading 1-minute historical data...
2026-05-13 11:17:30 [INFO    ] data_fetcher         Loading history for BTC_USDT...
2026-05-13 11:17:30 [INFO    ] data_fetcher           [OK] BTC_USDT: 300 candles loaded
2026-05-13 11:17:30 [INFO    ] data_fetcher         Loading history for ETH_USDT...
2026-05-13 11:17:30 [ERROR   ] mexc_client          POST /api/v1/private/position/change_leverage failed: 401 Client Error: Unauthorized for url: https://contract.mexc.com/api/v1/private/position/change_leverage
2026-05-13 11:17:30 [INFO    ] main                   Leverage set: BTC_USDT x 10
2026-05-13 11:17:31 [INFO    ] data_fetcher           [OK] ETH_USDT: 300 candles loaded
2026-05-13 11:17:31 [INFO    ] data_fetcher         Loading history for XAUT_USDT...
2026-05-13 11:17:31 [INFO    ] data_fetcher           [OK] XAUT_USDT: 300 candles loaded
2026-05-13 11:17:31 [INFO    ] data_fetcher         Loading history for SILVER_USDT...
2026-05-13 11:17:31 [ERROR   ] mexc_client          POST /api/v1/private/position/change_leverage failed: 401 Client Error: Unauthorized for url: https://contract.mexc.com/api/v1/private/position/change_leverage
2026-05-13 11:17:31 [INFO    ] data_fetcher           [OK] SILVER_USDT: 300 candles loaded
2026-05-13 11:17:31 [INFO    ] data_fetcher         Loading history for USOIL_USDT...
2026-05-13 11:17:31 [INFO    ] data_fetcher           [OK] USOIL_USDT: 301 candles loaded
2026-05-13 11:17:31 [INFO    ] data_fetcher         Database initialized: data/trades_htf.db
2026-05-13 11:17:31 [INFO    ] main                 Loading 5-minute higher-timeframe data...
2026-05-13 11:17:31 [INFO    ] data_fetcher         Loading history for BTC_USDT...
2026-05-13 11:17:32 [INFO    ] data_fetcher           [OK] BTC_USDT: 100 candles loaded
2026-05-13 11:17:32 [INFO    ] data_fetcher         Loading history for ETH_USDT...
2026-05-13 11:17:32 [ERROR   ] mexc_client          POST /api/v1/private/position/change_leverage failed: 401 Client Error: Unauthorized for url: https://contract.mexc.com/api/v1/private/position/change_leverage
2026-05-13 11:17:32 [INFO    ] main                   Leverage set: ETH_USDT x 10
2026-05-13 11:17:32 [INFO    ] data_fetcher           [OK] ETH_USDT: 100 candles loaded
2026-05-13 11:17:32 [INFO    ] data_fetcher         Loading history for XAUT_USDT...
2026-05-13 11:17:32 [INFO    ] data_fetcher           [OK] XAUT_USDT: 100 candles loaded
2026-05-13 11:17:32 [INFO    ] data_fetcher         Loading history for SILVER_USDT...
2026-05-13 11:17:32 [ERROR   ] mexc_client          POST /api/v1/private/position/change_leverage failed: 401 Client Error: Unauthorized for url: https://contract.mexc.com/api/v1/private/position/change_leverage
2026-05-13 11:17:32 [INFO    ] data_fetcher           [OK] SILVER_USDT: 100 candles loaded
2026-05-13 11:17:32 [INFO    ] data_fetcher         Loading history for USOIL_USDT...
2026-05-13 11:17:32 [INFO    ] data_fetcher           [OK] USOIL_USDT: 101 candles loaded
2026-05-13 11:17:32 [ERROR   ] mexc_client          POST /api/v1/private/position/change_leverage failed: 401 Client Error: Unauthorized for url: https://contract.mexc.com/api/v1/private/position/change_leverage
2026-05-13 11:17:32 [INFO    ] main                   Leverage set: XAUT_USDT x 10
2026-05-13 11:17:33 [ERROR   ] mexc_client          POST /api/v1/private/position/change_leverage failed: 401 Client Error: Unauthorized for url: https://contract.mexc.com/api/v1/private/position/change_leverage
2026-05-13 11:17:33 [ERROR   ] mexc_client          POST /api/v1/private/position/change_leverage failed: 401 Client Error: Unauthorized for url: https://contract.mexc.com/api/v1/private/position/change_leverage
2026-05-13 11:17:33 [INFO    ] main                   Leverage set: BTC_USDT x 10
2026-05-13 11:17:33 [ERROR   ] mexc_client          POST /api/v1/private/position/change_leverage failed: 401 Client Error: Unauthorized for url: https://contract.mexc.com/api/v1/private/position/change_leverage
2026-05-13 11:17:33 [ERROR   ] mexc_client          POST /api/v1/private/position/change_leverage failed: 401 Client Error: Unauthorized for url: https://contract.mexc.com/api/v1/private/position/change_leverage
2026-05-13 11:17:33 [ERROR   ] mexc_client          POST /api/v1/private/position/change_leverage failed: 401 Client Error: Unauthorized for url: https://contract.mexc.com/api/v1/private/position/change_leverage
2026-05-13 11:17:33 [INFO    ] main                   Leverage set: SILVER_USDT x 10
2026-05-13 11:17:34 [ERROR   ] mexc_client          POST /api/v1/private/position/change_leverage failed: 401 Client Error: Unauthorized for url: https://contract.mexc.com/api/v1/private/position/change_leverage
2026-05-13 11:17:34 [INFO    ] main                   Leverage set: ETH_USDT x 10
2026-05-13 11:17:34 [ERROR   ] mexc_client          POST /api/v1/private/position/change_leverage failed: 401 Client Error: Unauthorized for url: https://contract.mexc.com/api/v1/private/position/change_leverage
2026-05-13 11:17:34 [ERROR   ] mexc_client          POST /api/v1/private/position/change_leverage failed: 401 Client Error: Unauthorized for url: https://contract.mexc.com/api/v1/private/position/change_leverage
2026-05-13 11:17:34 [INFO    ] main                   Leverage set: USOIL_USDT x 10
2026-05-13 11:17:34 [INFO    ] main                 Initializing AI models...
2026-05-13 11:17:35 [ERROR   ] mexc_client          POST /api/v1/private/position/change_leverage failed: 401 Client Error: Unauthorized for url: https://contract.mexc.com/api/v1/private/position/change_leverage
2026-05-13 11:17:35 [INFO    ] main                   Advanced AI trained: BTC_USDT
2026-05-13 11:17:35 [ERROR   ] mexc_client          POST /api/v1/private/position/change_leverage failed: 401 Client Error: Unauthorized for url: https://contract.mexc.com/api/v1/private/position/change_leverage
2026-05-13 11:17:35 [INFO    ] main                   Leverage set: XAUT_USDT x 10
2026-05-13 11:17:35 [INFO    ] main                   Advanced AI trained: ETH_USDT
2026-05-13 11:17:35 [ERROR   ] mexc_client          POST /api/v1/private/position/change_leverage failed: 401 Client Error: Unauthorized for url: https://contract.mexc.com/api/v1/private/position/change_leverage
2026-05-13 11:17:36 [INFO    ] main                   Advanced AI trained: XAUT_USDT
2026-05-13 11:17:36 [ERROR   ] mexc_client          POST /api/v1/private/position/change_leverage failed: 401 Client Error: Unauthorized for url: https://contract.mexc.com/api/v1/private/position/change_leverage
2026-05-13 11:17:36 [INFO    ] main                   Leverage set: SILVER_USDT x 10
2026-05-13 11:17:37 [ERROR   ] mexc_client          POST /api/v1/private/position/change_leverage failed: 401 Client Error: Unauthorized for url: https://contract.mexc.com/api/v1/private/position/change_leverage
2026-05-13 11:17:37 [ERROR   ] mexc_client          POST /api/v1/private/position/change_leverage failed: 401 Client Error: Unauthorized for url: https://contract.mexc.com/api/v1/private/position/change_leverage
2026-05-13 11:17:37 [INFO    ] main                   Leverage set: USOIL_USDT x 10
2026-05-13 11:17:37 [INFO    ] main                 Initializing AI models...
2026-05-13 11:17:38 [INFO    ] main                   Advanced AI trained: BTC_USDT
2026-05-13 11:17:38 [INFO    ] main                   Advanced AI trained: SILVER_USDT
2026-05-13 11:17:38 [INFO    ] main                   Advanced AI trained: ETH_USDT
2026-05-13 11:17:39 [INFO    ] main                   Advanced AI trained: XAUT_USDT
2026-05-13 11:17:41 [INFO    ] main                   Advanced AI trained: SILVER_USDT
2026-05-13 11:17:47 [WARNING ] ai_model             LightGBM not found – rule-based mode only
2026-05-13 11:17:47 [WARNING ] ai_analyst           google-genai not installed — rule-based analyst active
2026-05-13 11:17:48 [INFO    ] main                 [DRY-RUN] DRY-RUN MODE - no real orders placed
2026-05-13 11:17:48 [INFO    ] mexc_client          MEXCClient initialized | dry_run=True
2026-05-13 11:17:48 [INFO    ] data_fetcher         Database initialized: data/trades.db
2026-05-13 11:17:48 [INFO    ] ai_analyst           AI Analyst running in rule-based mode (no GEMINI_API_KEY)
2026-05-13 11:17:48 [INFO    ] trader               Loaded 0 open positions from DB
2026-05-13 11:17:48 [INFO    ] trader               Trader ready | dry_run=True | open=0
2026-05-13 11:17:48 [INFO    ] main                 ============================================================
2026-05-13 11:17:48 [INFO    ] main                   MEXC SCALPING AI BOT  |  dry_run=True
2026-05-13 11:17:48 [INFO    ] main                   Symbols : BTC_USDT, ETH_USDT, XAUT_USDT, SILVER_USDT, USOIL_USDT
2026-05-13 11:17:48 [INFO    ] main                   Interval: Min1 | Check: 3s
2026-05-13 11:17:48 [INFO    ] main                 ============================================================
2026-05-13 11:17:48 [INFO    ] mexc_client          Testing MEXC connection...
2026-05-13 11:17:49 [INFO    ] mexc_client          ✓ Public API OK | BTC price: 81050
2026-05-13 11:17:49 [WARNING ] ai_model             LightGBM not found – rule-based mode only
2026-05-13 11:17:49 [WARNING ] ai_analyst           google-genai not installed — rule-based analyst active
2026-05-13 11:17:49 [ERROR   ] mexc_client          GET /api/v1/private/account/assets failed: 401 Client Error: Unauthorized for url: https://contract.mexc.com/api/v1/private/account/assets
2026-05-13 11:17:49 [INFO    ] mexc_client          ✓ Private API OK | Got account data
2026-05-13 11:17:49 [INFO    ] main                 Loading 1-minute historical data...
2026-05-13 11:17:49 [INFO    ] data_fetcher         Loading history for BTC_USDT...
2026-05-13 11:17:49 [INFO    ] data_fetcher           [OK] BTC_USDT: 300 candles loaded
2026-05-13 11:17:49 [INFO    ] data_fetcher         Loading history for ETH_USDT...
2026-05-13 11:17:50 [INFO    ] main                 [DRY-RUN] DRY-RUN MODE - no real orders placed
2026-05-13 11:17:50 [INFO    ] mexc_client          MEXCClient initialized | dry_run=True
2026-05-13 11:17:50 [INFO    ] data_fetcher         Database initialized: data/trades.db
2026-05-13 11:17:50 [INFO    ] ai_analyst           AI Analyst running in rule-based mode (no GEMINI_API_KEY)
2026-05-13 11:17:50 [INFO    ] trader               Loaded 0 open positions from DB
2026-05-13 11:17:50 [INFO    ] trader               Trader ready | dry_run=True | open=0
2026-05-13 11:17:50 [INFO    ] main                 ============================================================
2026-05-13 11:17:50 [INFO    ] main                   MEXC SCALPING AI BOT  |  dry_run=True
2026-05-13 11:17:50 [INFO    ] main                   Symbols : BTC_USDT, ETH_USDT, XAUT_USDT, SILVER_USDT, USOIL_USDT
2026-05-13 11:17:50 [INFO    ] main                   Interval: Min1 | Check: 3s
2026-05-13 11:17:50 [INFO    ] main                 ============================================================
2026-05-13 11:17:50 [INFO    ] mexc_client          Testing MEXC connection...
2026-05-13 11:17:50 [INFO    ] data_fetcher           [OK] ETH_USDT: 300 candles loaded
2026-05-13 11:17:50 [INFO    ] data_fetcher         Loading history for XAUT_USDT...
2026-05-13 11:17:50 [INFO    ] data_fetcher           [OK] XAUT_USDT: 300 candles loaded
2026-05-13 11:17:50 [INFO    ] data_fetcher         Loading history for SILVER_USDT...
2026-05-13 11:17:50 [INFO    ] data_fetcher           [OK] SILVER_USDT: 300 candles loaded
2026-05-13 11:17:50 [INFO    ] data_fetcher         Loading history for USOIL_USDT...
2026-05-13 11:17:50 [INFO    ] mexc_client          ✓ Public API OK | BTC price: 81050.1
2026-05-13 11:17:51 [INFO    ] data_fetcher           [OK] USOIL_USDT: 301 candles loaded
2026-05-13 11:17:51 [INFO    ] data_fetcher         Database initialized: data/trades_htf.db
2026-05-13 11:17:51 [INFO    ] main                 Loading 5-minute higher-timeframe data...
2026-05-13 11:17:51 [INFO    ] data_fetcher         Loading history for BTC_USDT...
2026-05-13 11:17:51 [ERROR   ] mexc_client          GET /api/v1/private/account/assets failed: 401 Client Error: Unauthorized for url: https://contract.mexc.com/api/v1/private/account/assets
2026-05-13 11:17:51 [INFO    ] mexc_client          ✓ Private API OK | Got account data
2026-05-13 11:17:51 [INFO    ] main                 Loading 1-minute historical data...
2026-05-13 11:17:51 [INFO    ] data_fetcher         Loading history for BTC_USDT...
2026-05-13 11:17:51 [INFO    ] data_fetcher           [OK] BTC_USDT: 100 candles loaded
2026-05-13 11:17:51 [INFO    ] data_fetcher         Loading history for ETH_USDT...
2026-05-13 11:17:51 [INFO    ] data_fetcher           [OK] BTC_USDT: 300 candles loaded
2026-05-13 11:17:51 [INFO    ] data_fetcher         Loading history for ETH_USDT...
2026-05-13 11:17:51 [INFO    ] data_fetcher           [OK] ETH_USDT: 100 candles loaded
2026-05-13 11:17:51 [INFO    ] data_fetcher         Loading history for XAUT_USDT...
2026-05-13 11:17:51 [INFO    ] data_fetcher           [OK] ETH_USDT: 300 candles loaded
2026-05-13 11:17:51 [INFO    ] data_fetcher         Loading history for XAUT_USDT...
2026-05-13 11:17:52 [INFO    ] data_fetcher           [OK] XAUT_USDT: 100 candles loaded
2026-05-13 11:17:52 [INFO    ] data_fetcher         Loading history for SILVER_USDT...
2026-05-13 11:17:52 [INFO    ] data_fetcher           [OK] XAUT_USDT: 300 candles loaded
2026-05-13 11:17:52 [INFO    ] data_fetcher         Loading history for SILVER_USDT...
2026-05-13 11:17:52 [INFO    ] data_fetcher           [OK] SILVER_USDT: 100 candles loaded
2026-05-13 11:17:52 [INFO    ] data_fetcher         Loading history for USOIL_USDT...
2026-05-13 11:17:52 [INFO    ] data_fetcher           [OK] SILVER_USDT: 300 candles loaded
2026-05-13 11:17:52 [INFO    ] data_fetcher         Loading history for USOIL_USDT...
2026-05-13 11:17:52 [INFO    ] data_fetcher           [OK] USOIL_USDT: 101 candles loaded
2026-05-13 11:17:53 [INFO    ] data_fetcher           [OK] USOIL_USDT: 301 candles loaded
2026-05-13 11:17:53 [INFO    ] data_fetcher         Database initialized: data/trades_htf.db
2026-05-13 11:17:53 [INFO    ] main                 Loading 5-minute higher-timeframe data...
2026-05-13 11:17:53 [INFO    ] data_fetcher         Loading history for BTC_USDT...
2026-05-13 11:17:53 [ERROR   ] mexc_client          POST /api/v1/private/position/change_leverage failed: 401 Client Error: Unauthorized for url: https://contract.mexc.com/api/v1/private/position/change_leverage
2026-05-13 11:17:53 [INFO    ] data_fetcher           [OK] BTC_USDT: 100 candles loaded
2026-05-13 11:17:53 [INFO    ] data_fetcher         Loading history for ETH_USDT...
2026-05-13 11:17:53 [INFO    ] data_fetcher           [OK] ETH_USDT: 100 candles loaded
2026-05-13 11:17:53 [INFO    ] data_fetcher         Loading history for XAUT_USDT...
2026-05-13 11:17:54 [ERROR   ] mexc_client          POST /api/v1/private/position/change_leverage failed: 401 Client Error: Unauthorized for url: https://contract.mexc.com/api/v1/private/position/change_leverage
2026-05-13 11:17:54 [INFO    ] main                   Leverage set: BTC_USDT x 10
2026-05-13 11:17:54 [INFO    ] data_fetcher           [OK] XAUT_USDT: 100 candles loaded
2026-05-13 11:17:54 [INFO    ] data_fetcher         Loading history for SILVER_USDT...
2026-05-13 11:17:54 [INFO    ] data_fetcher           [OK] SILVER_USDT: 100 candles loaded
2026-05-13 11:17:54 [INFO    ] data_fetcher         Loading history for USOIL_USDT...
2026-05-13 11:17:54 [INFO    ] data_fetcher           [OK] USOIL_USDT: 101 candles loaded
2026-05-13 11:17:54 [ERROR   ] mexc_client          POST /api/v1/private/position/change_leverage failed: 401 Client Error: Unauthorized for url: https://contract.mexc.com/api/v1/private/position/change_leverage
2026-05-13 11:17:55 [ERROR   ] mexc_client          POST /api/v1/private/position/change_leverage failed: 401 Client Error: Unauthorized for url: https://contract.mexc.com/api/v1/private/position/change_leverage
2026-05-13 11:17:55 [ERROR   ] mexc_client          POST /api/v1/private/position/change_leverage failed: 401 Client Error: Unauthorized for url: https://contract.mexc.com/api/v1/private/position/change_leverage
2026-05-13 11:17:55 [INFO    ] main                   Leverage set: BTC_USDT x 10
2026-05-13 11:17:55 [ERROR   ] mexc_client          POST /api/v1/private/position/change_leverage failed: 401 Client Error: Unauthorized for url: https://contract.mexc.com/api/v1/private/position/change_leverage
2026-05-13 11:17:55 [INFO    ] main                   Leverage set: ETH_USDT x 10
2026-05-13 11:17:56 [ERROR   ] mexc_client          POST /api/v1/private/position/change_leverage failed: 401 Client Error: Unauthorized for url: https://contract.mexc.com/api/v1/private/position/change_leverage
2026-05-13 11:17:56 [ERROR   ] mexc_client          POST /api/v1/private/position/change_leverage failed: 401 Client Error: Unauthorized for url: https://contract.mexc.com/api/v1/private/position/change_leverage
2026-05-13 11:17:57 [ERROR   ] mexc_client          POST /api/v1/private/position/change_leverage failed: 401 Client Error: Unauthorized for url: https://contract.mexc.com/api/v1/private/position/change_leverage
2026-05-13 11:17:57 [INFO    ] main                   Leverage set: XAUT_USDT x 10
2026-05-13 11:17:57 [ERROR   ] mexc_client          POST /api/v1/private/position/change_leverage failed: 401 Client Error: Unauthorized for url: https://contract.mexc.com/api/v1/private/position/change_leverage
2026-05-13 11:17:57 [INFO    ] main                   Leverage set: ETH_USDT x 10
2026-05-13 11:17:58 [ERROR   ] mexc_client          POST /api/v1/private/position/change_leverage failed: 401 Client Error: Unauthorized for url: https://contract.mexc.com/api/v1/private/position/change_leverage
2026-05-13 11:17:58 [ERROR   ] mexc_client          POST /api/v1/private/position/change_leverage failed: 401 Client Error: Unauthorized for url: https://contract.mexc.com/api/v1/private/position/change_leverage
2026-05-13 11:17:59 [ERROR   ] mexc_client          POST /api/v1/private/position/change_leverage failed: 401 Client Error: Unauthorized for url: https://contract.mexc.com/api/v1/private/position/change_leverage
2026-05-13 11:17:59 [INFO    ] main                   Leverage set: SILVER_USDT x 10
2026-05-13 11:17:59 [ERROR   ] mexc_client          POST /api/v1/private/position/change_leverage failed: 401 Client Error: Unauthorized for url: https://contract.mexc.com/api/v1/private/position/change_leverage
2026-05-13 11:17:59 [INFO    ] main                   Leverage set: XAUT_USDT x 10
2026-05-13 11:18:00 [ERROR   ] mexc_client          POST /api/v1/private/position/change_leverage failed: 401 Client Error: Unauthorized for url: https://contract.mexc.com/api/v1/private/position/change_leverage
2026-05-13 11:18:00 [ERROR   ] mexc_client          POST /api/v1/private/position/change_leverage failed: 401 Client Error: Unauthorized for url: https://contract.mexc.com/api/v1/private/position/change_leverage
2026-05-13 11:18:01 [ERROR   ] mexc_client          POST /api/v1/private/position/change_leverage failed: 401 Client Error: Unauthorized for url: https://contract.mexc.com/api/v1/private/position/change_leverage
2026-05-13 11:18:01 [INFO    ] main                   Leverage set: USOIL_USDT x 10
2026-05-13 11:18:01 [INFO    ] main                 Initializing AI models...
2026-05-13 11:18:01 [ERROR   ] mexc_client          POST /api/v1/private/position/change_leverage failed: 401 Client Error: Unauthorized for url: https://contract.mexc.com/api/v1/private/position/change_leverage
2026-05-13 11:18:01 [INFO    ] main                   Leverage set: SILVER_USDT x 10
2026-05-13 11:18:01 [INFO    ] main                   Advanced AI trained: BTC_USDT
2026-05-13 11:18:02 [INFO    ] main                   Advanced AI trained: ETH_USDT
2026-05-13 11:18:02 [INFO    ] main                   Advanced AI trained: XAUT_USDT
2026-05-13 11:18:02 [ERROR   ] mexc_client          POST /api/v1/private/position/change_leverage failed: 401 Client Error: Unauthorized for url: https://contract.mexc.com/api/v1/private/position/change_leverage
2026-05-13 11:18:03 [ERROR   ] mexc_client          POST /api/v1/private/position/change_leverage failed: 401 Client Error: Unauthorized for url: https://contract.mexc.com/api/v1/private/position/change_leverage
2026-05-13 11:18:03 [INFO    ] main                   Leverage set: USOIL_USDT x 10
2026-05-13 11:18:03 [INFO    ] main                 Initializing AI models...
2026-05-13 11:18:04 [INFO    ] main                   Advanced AI trained: BTC_USDT
2026-05-13 11:18:04 [INFO    ] main                   Advanced AI trained: SILVER_USDT
2026-05-13 11:18:04 [INFO    ] main                   Advanced AI trained: ETH_USDT
2026-05-13 11:18:05 [INFO    ] main                   Advanced AI trained: XAUT_USDT
2026-05-13 11:18:07 [INFO    ] main                   Advanced AI trained: SILVER_USDT
2026-05-13 11:18:18 [WARNING ] ai_model             LightGBM not found – rule-based mode only
2026-05-13 11:18:18 [WARNING ] ai_analyst           google-genai not installed — rule-based analyst active
2026-05-13 11:18:19 [INFO    ] main                 [DRY-RUN] DRY-RUN MODE - no real orders placed
2026-05-13 11:18:19 [INFO    ] mexc_client          MEXCClient initialized | dry_run=True
2026-05-13 11:18:19 [INFO    ] data_fetcher         Database initialized: data/trades.db
2026-05-13 11:18:19 [INFO    ] ai_analyst           AI Analyst running in rule-based mode (no GEMINI_API_KEY)
2026-05-13 11:18:19 [INFO    ] trader               Loaded 0 open positions from DB
2026-05-13 11:18:19 [INFO    ] trader               Trader ready | dry_run=True | open=0
2026-05-13 11:18:19 [INFO    ] main                 ============================================================
2026-05-13 11:18:19 [INFO    ] main                   MEXC SCALPING AI BOT  |  dry_run=True
2026-05-13 11:18:19 [INFO    ] main                   Symbols : BTC_USDT, ETH_USDT, XAUT_USDT, SILVER_USDT, USOIL_USDT
2026-05-13 11:18:19 [INFO    ] main                   Interval: Min1 | Check: 3s
2026-05-13 11:18:19 [INFO    ] main                 ============================================================
2026-05-13 11:18:19 [INFO    ] mexc_client          Testing MEXC connection...
2026-05-13 11:18:19 [INFO    ] mexc_client          ✓ Public API OK | BTC price: 81064.3
2026-05-13 11:18:20 [ERROR   ] mexc_client          GET /api/v1/private/account/assets failed: 401 Client Error: Unauthorized for url: https://contract.mexc.com/api/v1/private/account/assets
2026-05-13 11:18:20 [INFO    ] mexc_client          ✓ Private API OK | Got account data
2026-05-13 11:18:20 [INFO    ] main                 Loading 1-minute historical data...
2026-05-13 11:18:20 [INFO    ] data_fetcher         Loading history for BTC_USDT...
2026-05-13 11:18:20 [INFO    ] data_fetcher           [OK] BTC_USDT: 300 candles loaded
2026-05-13 11:18:20 [INFO    ] data_fetcher         Loading history for ETH_USDT...
2026-05-13 11:18:21 [INFO    ] data_fetcher           [OK] ETH_USDT: 300 candles loaded
2026-05-13 11:18:21 [INFO    ] data_fetcher         Loading history for XAUT_USDT...
2026-05-13 11:18:21 [INFO    ] data_fetcher           [OK] XAUT_USDT: 300 candles loaded
2026-05-13 11:18:21 [INFO    ] data_fetcher         Loading history for SILVER_USDT...
2026-05-13 11:18:21 [INFO    ] data_fetcher           [OK] SILVER_USDT: 300 candles loaded
2026-05-13 11:18:21 [INFO    ] data_fetcher         Loading history for USOIL_USDT...
2026-05-13 11:18:22 [INFO    ] data_fetcher           [OK] USOIL_USDT: 301 candles loaded
2026-05-13 11:18:22 [INFO    ] data_fetcher         Database initialized: data/trades_htf.db
2026-05-13 11:18:22 [INFO    ] main                 Loading 5-minute higher-timeframe data...
2026-05-13 11:18:22 [INFO    ] data_fetcher         Loading history for BTC_USDT...
2026-05-13 11:18:22 [INFO    ] data_fetcher           [OK] BTC_USDT: 100 candles loaded
2026-05-13 11:18:22 [INFO    ] data_fetcher         Loading history for ETH_USDT...
2026-05-13 11:18:23 [INFO    ] data_fetcher           [OK] ETH_USDT: 100 candles loaded
2026-05-13 11:18:23 [INFO    ] data_fetcher         Loading history for XAUT_USDT...
2026-05-13 11:18:23 [INFO    ] data_fetcher           [OK] XAUT_USDT: 100 candles loaded
2026-05-13 11:18:23 [INFO    ] data_fetcher         Loading history for SILVER_USDT...
2026-05-13 11:18:23 [INFO    ] data_fetcher           [OK] SILVER_USDT: 100 candles loaded
2026-05-13 11:18:23 [INFO    ] data_fetcher         Loading history for USOIL_USDT...
2026-05-13 11:18:24 [INFO    ] data_fetcher           [OK] USOIL_USDT: 101 candles loaded
2026-05-13 11:18:24 [ERROR   ] mexc_client          POST /api/v1/private/position/change_leverage failed: 401 Client Error: Unauthorized for url: https://contract.mexc.com/api/v1/private/position/change_leverage
2026-05-13 11:18:25 [ERROR   ] mexc_client          POST /api/v1/private/position/change_leverage failed: 401 Client Error: Unauthorized for url: https://contract.mexc.com/api/v1/private/position/change_leverage
2026-05-13 11:18:25 [INFO    ] main                   Leverage set: BTC_USDT x 10
2026-05-13 11:18:26 [ERROR   ] mexc_client          POST /api/v1/private/position/change_leverage failed: 401 Client Error: Unauthorized for url: https://contract.mexc.com/api/v1/private/position/change_leverage
2026-05-13 11:18:27 [ERROR   ] mexc_client          POST /api/v1/private/position/change_leverage failed: 401 Client Error: Unauthorized for url: https://contract.mexc.com/api/v1/private/position/change_leverage
2026-05-13 11:18:27 [INFO    ] main                   Leverage set: ETH_USDT x 10
2026-05-13 11:18:28 [ERROR   ] mexc_client          POST /api/v1/private/position/change_leverage failed: 401 Client Error: Unauthorized for url: https://contract.mexc.com/api/v1/private/position/change_leverage
2026-05-13 11:18:29 [ERROR   ] mexc_client          POST /api/v1/private/position/change_leverage failed: 401 Client Error: Unauthorized for url: https://contract.mexc.com/api/v1/private/position/change_leverage
2026-05-13 11:18:29 [INFO    ] main                   Leverage set: XAUT_USDT x 10
2026-05-13 11:18:30 [ERROR   ] mexc_client          POST /api/v1/private/position/change_leverage failed: 401 Client Error: Unauthorized for url: https://contract.mexc.com/api/v1/private/position/change_leverage
2026-05-13 11:18:31 [ERROR   ] mexc_client          POST /api/v1/private/position/change_leverage failed: 401 Client Error: Unauthorized for url: https://contract.mexc.com/api/v1/private/position/change_leverage
2026-05-13 11:18:31 [INFO    ] main                   Leverage set: SILVER_USDT x 10
2026-05-13 11:18:32 [ERROR   ] mexc_client          POST /api/v1/private/position/change_leverage failed: 401 Client Error: Unauthorized for url: https://contract.mexc.com/api/v1/private/position/change_leverage
2026-05-13 11:18:33 [ERROR   ] mexc_client          POST /api/v1/private/position/change_leverage failed: 401 Client Error: Unauthorized for url: https://contract.mexc.com/api/v1/private/position/change_leverage
2026-05-13 11:18:33 [INFO    ] main                   Leverage set: USOIL_USDT x 10
2026-05-13 11:18:33 [INFO    ] main                 Initializing AI models...
2026-05-13 11:18:34 [INFO    ] main                   Advanced AI trained: BTC_USDT
2026-05-13 11:18:34 [INFO    ] main                   Advanced AI trained: ETH_USDT
2026-05-13 11:18:35 [INFO    ] main                   Advanced AI trained: XAUT_USDT
2026-05-13 11:18:36 [WARNING ] ai_model             LightGBM not found – rule-based mode only
2026-05-13 11:18:36 [WARNING ] ai_analyst           google-genai not installed — rule-based analyst active
2026-05-13 11:18:37 [INFO    ] main                 [DRY-RUN] DRY-RUN MODE - no real orders placed
2026-05-13 11:18:37 [INFO    ] mexc_client          MEXCClient initialized | dry_run=True
2026-05-13 11:18:37 [INFO    ] data_fetcher         Database initialized: data/trades.db
2026-05-13 11:18:37 [INFO    ] ai_analyst           AI Analyst running in rule-based mode (no GEMINI_API_KEY)
2026-05-13 11:18:37 [INFO    ] trader               Loaded 0 open positions from DB
2026-05-13 11:18:37 [INFO    ] trader               Trader ready | dry_run=True | open=0
2026-05-13 11:18:37 [INFO    ] main                 ============================================================
2026-05-13 11:18:37 [INFO    ] main                   MEXC SCALPING AI BOT  |  dry_run=True
2026-05-13 11:18:37 [INFO    ] main                   Symbols : BTC_USDT, ETH_USDT, XAUT_USDT, SILVER_USDT, USOIL_USDT
2026-05-13 11:18:37 [INFO    ] main                   Interval: Min1 | Check: 3s
2026-05-13 11:18:37 [INFO    ] main                 ============================================================
2026-05-13 11:18:37 [INFO    ] mexc_client          Testing MEXC connection...
2026-05-13 11:18:38 [INFO    ] mexc_client          ✓ Public API OK | BTC price: 81064.4
2026-05-13 11:18:39 [ERROR   ] mexc_client          GET /api/v1/private/account/assets failed: 401 Client Error: Unauthorized for url: https://contract.mexc.com/api/v1/private/account/assets
2026-05-13 11:18:39 [INFO    ] mexc_client          ✓ Private API OK | Got account data
2026-05-13 11:18:39 [INFO    ] main                 Loading 1-minute historical data...
2026-05-13 11:18:39 [INFO    ] data_fetcher         Loading history for BTC_USDT...
2026-05-13 11:18:39 [INFO    ] data_fetcher           [OK] BTC_USDT: 300 candles loaded
2026-05-13 11:18:39 [INFO    ] data_fetcher         Loading history for ETH_USDT...
2026-05-13 11:18:40 [INFO    ] data_fetcher           [OK] ETH_USDT: 300 candles loaded
2026-05-13 11:18:40 [INFO    ] data_fetcher         Loading history for XAUT_USDT...
2026-05-13 11:18:40 [INFO    ] data_fetcher           [OK] XAUT_USDT: 300 candles loaded
2026-05-13 11:18:40 [INFO    ] data_fetcher         Loading history for SILVER_USDT...
2026-05-13 11:18:40 [INFO    ] data_fetcher           [OK] SILVER_USDT: 300 candles loaded
2026-05-13 11:18:40 [INFO    ] data_fetcher         Loading history for USOIL_USDT...
2026-05-13 11:18:41 [INFO    ] data_fetcher           [OK] USOIL_USDT: 301 candles loaded
2026-05-13 11:18:41 [INFO    ] data_fetcher         Database initialized: data/trades_htf.db
2026-05-13 11:18:41 [INFO    ] main                 Loading 5-minute higher-timeframe data...
2026-05-13 11:18:41 [INFO    ] data_fetcher         Loading history for BTC_USDT...
2026-05-13 11:18:41 [INFO    ] data_fetcher           [OK] BTC_USDT: 100 candles loaded
2026-05-13 11:18:41 [INFO    ] data_fetcher         Loading history for ETH_USDT...
2026-05-13 11:18:41 [INFO    ] data_fetcher           [OK] ETH_USDT: 100 candles loaded
2026-05-13 11:18:41 [INFO    ] data_fetcher         Loading history for XAUT_USDT...
2026-05-13 11:18:42 [INFO    ] data_fetcher           [OK] XAUT_USDT: 100 candles loaded
2026-05-13 11:18:42 [INFO    ] data_fetcher         Loading history for SILVER_USDT...
2026-05-13 11:18:42 [INFO    ] data_fetcher           [OK] SILVER_USDT: 100 candles loaded
2026-05-13 11:18:42 [INFO    ] data_fetcher         Loading history for USOIL_USDT...
2026-05-13 11:18:43 [INFO    ] data_fetcher           [OK] USOIL_USDT: 101 candles loaded
2026-05-13 11:18:43 [ERROR   ] mexc_client          POST /api/v1/private/position/change_leverage failed: 401 Client Error: Unauthorized for url: https://contract.mexc.com/api/v1/private/position/change_leverage
2026-05-13 11:18:44 [ERROR   ] mexc_client          POST /api/v1/private/position/change_leverage failed: 401 Client Error: Unauthorized for url: https://contract.mexc.com/api/v1/private/position/change_leverage
2026-05-13 11:18:44 [INFO    ] main                   Leverage set: BTC_USDT x 10
2026-05-13 11:18:45 [ERROR   ] mexc_client          POST /api/v1/private/position/change_leverage failed: 401 Client Error: Unauthorized for url: https://contract.mexc.com/api/v1/private/position/change_leverage
2026-05-13 11:18:46 [ERROR   ] mexc_client          POST /api/v1/private/position/change_leverage failed: 401 Client Error: Unauthorized for url: https://contract.mexc.com/api/v1/private/position/change_leverage
2026-05-13 11:18:46 [INFO    ] main                   Leverage set: ETH_USDT x 10
2026-05-13 11:18:47 [ERROR   ] mexc_client          POST /api/v1/private/position/change_leverage failed: 401 Client Error: Unauthorized for url: https://contract.mexc.com/api/v1/private/position/change_leverage
2026-05-13 11:18:48 [ERROR   ] mexc_client          POST /api/v1/private/position/change_leverage failed: 401 Client Error: Unauthorized for url: https://contract.mexc.com/api/v1/private/position/change_leverage
2026-05-13 11:18:48 [INFO    ] main                   Leverage set: XAUT_USDT x 10
2026-05-13 11:18:49 [ERROR   ] mexc_client          POST /api/v1/private/position/change_leverage failed: 401 Client Error: Unauthorized for url: https://contract.mexc.com/api/v1/private/position/change_leverage
2026-05-13 11:18:50 [ERROR   ] mexc_client          POST /api/v1/private/position/change_leverage failed: 401 Client Error: Unauthorized for url: https://contract.mexc.com/api/v1/private/position/change_leverage
2026-05-13 11:18:50 [INFO    ] main                   Leverage set: SILVER_USDT x 10
2026-05-13 11:18:51 [ERROR   ] mexc_client          POST /api/v1/private/position/change_leverage failed: 401 Client Error: Unauthorized for url: https://contract.mexc.com/api/v1/private/position/change_leverage
2026-05-13 11:18:52 [ERROR   ] mexc_client          POST /api/v1/private/position/change_leverage failed: 401 Client Error: Unauthorized for url: https://contract.mexc.com/api/v1/private/position/change_leverage
2026-05-13 11:18:52 [INFO    ] main                   Leverage set: USOIL_USDT x 10
2026-05-13 11:18:52 [INFO    ] main                 Initializing AI models...
2026-05-13 11:18:52 [INFO    ] main                   Advanced AI trained: BTC_USDT
2026-05-13 11:18:53 [INFO    ] main                   Advanced AI trained: ETH_USDT
2026-05-13 11:18:53 [INFO    ] main                   Advanced AI trained: XAUT_USDT
2026-05-13 11:18:55 [INFO    ] main                   Advanced AI trained: SILVER_USDT
2026-05-13 11:18:57 [INFO    ] main                   Advanced AI trained: USOIL_USDT
2026-05-13 11:18:58 [INFO    ] mexc_client          WebSocket connected
2026-05-13 11:18:58 [INFO    ] mexc_client          WebSocket ready
2026-05-13 11:18:58 [INFO    ] main                 [OK] WebSocket live feed active
2026-05-13 11:18:58 [INFO    ] mexc_client          Subscribed to BTC_USDT
2026-05-13 11:18:58 [INFO    ] mexc_client          Subscribed to ETH_USDT
2026-05-13 11:18:58 [INFO    ] mexc_client          Subscribed to XAUT_USDT
2026-05-13 11:18:58 [INFO    ] mexc_client          Subscribed to SILVER_USDT
2026-05-13 11:18:58 [INFO    ] mexc_client          Subscribed to USOIL_USDT
2026-05-13 11:18:59 [ERROR   ] mexc_client          GET /api/v1/private/account/assets failed: 401 Client Error: Unauthorized for url: https://contract.mexc.com/api/v1/private/account/assets
2026-05-13 11:18:59 [INFO    ] risk_manager         Daily reset | balance=100.00 USDT
2026-05-13 11:18:59 [INFO    ] main                 Starting balance: 100.00 USDT
2026-05-13 11:18:59 [INFO    ] main                 [RUN] Scalping loop started - AUTO-TRADING ACTIVE
2026-05-13 11:18:59 [INFO    ] main                 [DASHBOARD] Dashboard -> http://localhost:5000
2026-05-13 11:19:02 [INFO    ] main                 Evaluating BTC_USDT @ 81080.10
2026-05-13 11:19:02 [INFO    ] strategy             BTC_USDT: ENSEMBLE predicts HOLD conf=76.5% | Trend: 0.02%, Strong buy pressure
2026-05-13 11:19:02 [INFO    ] main                 Evaluating ETH_USDT @ 2303.18
2026-05-13 11:19:02 [INFO    ] main                 Evaluating XAUT_USDT @ 4706.10
2026-05-13 11:19:02 [INFO    ] main                 Evaluating SILVER_USDT @ 86.92
2026-05-13 11:19:02 [INFO    ] main                 Evaluating USOIL_USDT @ 97.49
2026-05-13 11:19:05 [INFO    ] main                 Evaluating BTC_USDT @ 81080.00
2026-05-13 11:19:06 [INFO    ] strategy             BTC_USDT: ENSEMBLE predicts HOLD conf=76.5% | Trend: 0.02%, Strong buy pressure
2026-05-13 11:19:06 [INFO    ] main                 Evaluating ETH_USDT @ 2303.09
2026-05-13 11:19:06 [INFO    ] main                 Evaluating XAUT_USDT @ 4706.20
2026-05-13 11:19:06 [INFO    ] main                 Evaluating SILVER_USDT @ 86.90
2026-05-13 11:19:06 [INFO    ] main                 Evaluating USOIL_USDT @ 97.49
2026-05-13 11:19:09 [INFO    ] main                 Evaluating BTC_USDT @ 81080.00
2026-05-13 11:19:09 [INFO    ] strategy             BTC_USDT: ENSEMBLE predicts HOLD conf=76.5% | Trend: 0.02%, Strong buy pressure
2026-05-13 11:19:09 [INFO    ] main                 Evaluating ETH_USDT @ 2303.09
2026-05-13 11:19:09 [INFO    ] main                 Evaluating XAUT_USDT @ 4706.10
2026-05-13 11:19:09 [INFO    ] main                 Evaluating SILVER_USDT @ 86.90
2026-05-13 11:19:09 [INFO    ] main                 Evaluating USOIL_USDT @ 97.42
2026-05-13 11:19:12 [INFO    ] main                 Evaluating BTC_USDT @ 81089.90
2026-05-13 11:19:12 [INFO    ] strategy             BTC_USDT: ENSEMBLE predicts HOLD conf=76.5% | Trend: 0.02%, Strong buy pressure
2026-05-13 11:19:12 [INFO    ] main                 Evaluating ETH_USDT @ 2303.18
2026-05-13 11:19:12 [INFO    ] main                 Evaluating XAUT_USDT @ 4706.00
2026-05-13 11:19:12 [INFO    ] main                 Evaluating SILVER_USDT @ 86.89
2026-05-13 11:19:12 [INFO    ] main                 Evaluating USOIL_USDT @ 97.47
2026-05-13 11:19:15 [INFO    ] main                 Evaluating BTC_USDT @ 81098.30
2026-05-13 11:19:16 [INFO    ] strategy             BTC_USDT: ENSEMBLE predicts HOLD conf=76.9% | Trend: 0.02%, Strong buy pressure
2026-05-13 11:19:16 [INFO    ] main                 Evaluating ETH_USDT @ 2303.17
2026-05-13 11:19:16 [INFO    ] main                 Evaluating XAUT_USDT @ 4706.20
2026-05-13 11:19:16 [INFO    ] main                 Evaluating SILVER_USDT @ 86.89
2026-05-13 11:19:16 [INFO    ] main                 Evaluating USOIL_USDT @ 97.47
2026-05-13 11:19:19 [INFO    ] main                 Evaluating BTC_USDT @ 81098.30
2026-05-13 11:19:19 [INFO    ] main                 Evaluating ETH_USDT @ 2303.17
2026-05-13 11:19:19 [INFO    ] main                 Evaluating XAUT_USDT @ 4706.20
2026-05-13 11:19:19 [INFO    ] main                 Evaluating SILVER_USDT @ 86.89
2026-05-13 11:19:19 [INFO    ] main                 Evaluating USOIL_USDT @ 97.47
2026-05-13 11:19:22 [INFO    ] main                 Evaluating BTC_USDT @ 81099.90
2026-05-13 11:19:22 [INFO    ] main                 Evaluating ETH_USDT @ 2303.35
2026-05-13 11:19:22 [INFO    ] main                 Evaluating XAUT_USDT @ 4706.10
2026-05-13 11:19:22 [INFO    ] main                 Evaluating SILVER_USDT @ 86.89
2026-05-13 11:19:22 [INFO    ] main                 Evaluating USOIL_USDT @ 97.47
2026-05-13 11:19:25 [INFO    ] main                 Evaluating BTC_USDT @ 81103.80
2026-05-13 11:19:25 [INFO    ] main                 Evaluating ETH_USDT @ 2303.49
2026-05-13 11:19:25 [INFO    ] main                 Evaluating XAUT_USDT @ 4706.30
2026-05-13 11:19:26 [INFO    ] main                 Evaluating SILVER_USDT @ 86.90
2026-05-13 11:19:26 [INFO    ] main                 Evaluating USOIL_USDT @ 97.46
2026-05-13 11:19:29 [INFO    ] main                 Evaluating BTC_USDT @ 81107.70
2026-05-13 11:19:29 [INFO    ] main                 Evaluating ETH_USDT @ 2303.50
2026-05-13 11:19:29 [INFO    ] main                 Evaluating XAUT_USDT @ 4706.30
2026-05-13 11:19:29 [INFO    ] main                 Evaluating SILVER_USDT @ 86.90
2026-05-13 11:19:29 [INFO    ] main                 Evaluating USOIL_USDT @ 97.46
2026-05-13 11:19:32 [INFO    ] main                 Evaluating BTC_USDT @ 81107.80
2026-05-13 11:19:32 [INFO    ] main                 Evaluating ETH_USDT @ 2303.55
2026-05-13 11:19:32 [INFO    ] main                 Evaluating XAUT_USDT @ 4706.30
2026-05-13 11:19:32 [INFO    ] main                 Evaluating SILVER_USDT @ 86.89
2026-05-13 11:19:32 [INFO    ] strategy             SILVER_USDT: PREDICTIVE signal SELL strength=80% - Bearish ticks: 89% | Accelerating down | Sell pressure
2026-05-13 11:19:32 [INFO    ] main                 Evaluating USOIL_USDT @ 97.46
2026-05-13 11:19:35 [INFO    ] main                 Evaluating BTC_USDT @ 81107.70
2026-05-13 11:19:35 [INFO    ] main                 Evaluating ETH_USDT @ 2303.75
2026-05-13 11:19:35 [INFO    ] main                 Evaluating XAUT_USDT @ 4706.10
2026-05-13 11:19:35 [INFO    ] main                 Evaluating SILVER_USDT @ 86.89
2026-05-13 11:19:35 [INFO    ] main                 Evaluating USOIL_USDT @ 97.47
2026-05-13 11:19:38 [INFO    ] main                 Evaluating BTC_USDT @ 81107.80
2026-05-13 11:19:38 [INFO    ] main                 Evaluating ETH_USDT @ 2303.85
2026-05-13 11:19:39 [INFO    ] main                 Evaluating XAUT_USDT @ 4706.10
2026-05-13 11:19:39 [INFO    ] main                 Evaluating SILVER_USDT @ 86.89
2026-05-13 11:19:39 [INFO    ] main                 Evaluating USOIL_USDT @ 97.48
2026-05-13 11:19:42 [INFO    ] main                 Evaluating BTC_USDT @ 81110.90
2026-05-13 11:19:42 [INFO    ] main                 Evaluating ETH_USDT @ 2304.19
2026-05-13 11:19:42 [INFO    ] strategy             ETH_USDT: PREDICTIVE signal BUY strength=80% - Bullish ticks: 67% | Accelerating up | Buy pressure
2026-05-13 11:19:42 [INFO    ] main                 Evaluating XAUT_USDT @ 4706.10
2026-05-13 11:19:42 [INFO    ] main                 Evaluating SILVER_USDT @ 86.88
2026-05-13 11:19:42 [INFO    ] strategy             SILVER_USDT: PREDICTIVE signal SELL strength=80% - Bearish ticks: 92% | Accelerating down | Sell pressure
2026-05-13 11:19:42 [INFO    ] main                 Evaluating USOIL_USDT @ 97.48
2026-05-13 11:19:45 [INFO    ] main                 Evaluating BTC_USDT @ 81110.90
2026-05-13 11:19:45 [INFO    ] main                 Evaluating ETH_USDT @ 2304.19
2026-05-13 11:19:45 [INFO    ] main                 Evaluating XAUT_USDT @ 4706.10
2026-05-13 11:19:45 [INFO    ] main                 Evaluating SILVER_USDT @ 86.88
2026-05-13 11:19:45 [INFO    ] main                 Evaluating USOIL_USDT @ 97.48
2026-05-13 11:19:48 [INFO    ] main                 Evaluating BTC_USDT @ 81111.00
2026-05-13 11:19:48 [INFO    ] main                 Evaluating ETH_USDT @ 2304.20
2026-05-13 11:19:48 [INFO    ] main                 Evaluating XAUT_USDT @ 4706.10
2026-05-13 11:19:48 [INFO    ] main                 Evaluating SILVER_USDT @ 86.86
2026-05-13 11:19:48 [INFO    ] strategy             SILVER_USDT: PREDICTIVE signal SELL strength=80% - Bearish ticks: 93% | Accelerating down | Sell pressure
2026-05-13 11:19:48 [INFO    ] main                 Evaluating USOIL_USDT @ 97.48
2026-05-13 11:19:51 [INFO    ] main                 Evaluating BTC_USDT @ 81110.90
2026-05-13 11:19:52 [INFO    ] main                 Evaluating ETH_USDT @ 2304.20
2026-05-13 11:19:52 [INFO    ] main                 Evaluating XAUT_USDT @ 4705.70
2026-05-13 11:19:52 [INFO    ] main                 Evaluating SILVER_USDT @ 86.86
2026-05-13 11:19:52 [INFO    ] main                 Evaluating USOIL_USDT @ 97.50
2026-05-13 11:19:55 [INFO    ] main                 Evaluating BTC_USDT @ 81119.90
2026-05-13 11:19:55 [INFO    ] strategy             BTC_USDT: PREDICTIVE signal BUY strength=80% - Bullish ticks: 62% | Accelerating up | Buy pressure
2026-05-13 11:19:55 [INFO    ] main                 Evaluating ETH_USDT @ 2304.19
2026-05-13 11:19:55 [INFO    ] main                 Evaluating XAUT_USDT @ 4705.40
2026-05-13 11:19:55 [INFO    ] main                 Evaluating SILVER_USDT @ 86.85
2026-05-13 11:19:55 [INFO    ] strategy             SILVER_USDT: PREDICTIVE signal SELL strength=80% - Bearish ticks: 94% | Accelerating down | Sell pressure
2026-05-13 11:19:55 [INFO    ] main                 Evaluating USOIL_USDT @ 97.50
2026-05-13 11:19:58 [INFO    ] main                 Evaluating BTC_USDT @ 81119.90
2026-05-13 11:19:58 [INFO    ] main                 Evaluating ETH_USDT @ 2304.29
2026-05-13 11:19:58 [INFO    ] main                 Evaluating XAUT_USDT @ 4705.40
2026-05-13 11:19:58 [INFO    ] main                 Evaluating SILVER_USDT @ 86.84
2026-05-13 11:19:58 [INFO    ] main                 Evaluating USOIL_USDT @ 97.50
2026-05-13 11:20:01 [INFO    ] main                 Evaluating BTC_USDT @ 81122.90
2026-05-13 11:20:01 [INFO    ] strategy             BTC_USDT: PREDICTIVE signal BUY strength=80% - Bullish ticks: 61% | Accelerating up | Buy pressure
2026-05-13 11:20:01 [INFO    ] main                 Evaluating ETH_USDT @ 2304.30
2026-05-13 11:20:01 [INFO    ] strategy             ETH_USDT: PREDICTIVE signal BUY strength=80% - Bullish ticks: 61% | Accelerating up | Buy pressure
2026-05-13 11:20:01 [INFO    ] main                 Evaluating XAUT_USDT @ 4705.10
2026-05-13 11:20:01 [INFO    ] main                 Evaluating SILVER_USDT @ 86.82
2026-05-13 11:20:01 [INFO    ] strategy             SILVER_USDT: PREDICTIVE signal SELL strength=80% - Bearish ticks: 94% | Accelerating down | Sell pressure
2026-05-13 11:20:01 [INFO    ] main                 Evaluating USOIL_USDT @ 97.55
2026-05-13 11:20:02 [WARNING ] mexc_client          WebSocket closed: None None
2026-05-13 11:20:05 [INFO    ] main                 Evaluating BTC_USDT @ 81122.90
2026-05-13 11:20:05 [INFO    ] main                 Evaluating ETH_USDT @ 2304.30
2026-05-13 11:20:05 [INFO    ] main                 Evaluating XAUT_USDT @ 4705.10
2026-05-13 11:20:05 [INFO    ] main                 Evaluating SILVER_USDT @ 86.82
2026-05-13 11:20:05 [INFO    ] main                 Evaluating USOIL_USDT @ 97.55
2026-05-13 11:20:07 [INFO    ] mexc_client          Reconnecting WebSocket...
2026-05-13 11:20:08 [INFO    ] main                 Evaluating BTC_USDT @ 81122.90
2026-05-13 11:20:08 [INFO    ] main                 Evaluating ETH_USDT @ 2304.30
2026-05-13 11:20:08 [INFO    ] main                 Evaluating XAUT_USDT @ 4705.10
2026-05-13 11:20:08 [INFO    ] main                 Evaluating SILVER_USDT @ 86.82
2026-05-13 11:20:08 [INFO    ] main                 Evaluating USOIL_USDT @ 97.55
2026-05-13 11:20:08 [INFO    ] mexc_client          WebSocket connected
2026-05-13 11:20:08 [INFO    ] mexc_client          WebSocket ready
2026-05-13 11:20:08 [INFO    ] mexc_client          Subscribed to BTC_USDT
2026-05-13 11:20:08 [INFO    ] mexc_client          Subscribed to ETH_USDT
2026-05-13 11:20:08 [INFO    ] mexc_client          Subscribed to XAUT_USDT
2026-05-13 11:20:08 [INFO    ] mexc_client          Subscribed to SILVER_USDT
2026-05-13 11:20:08 [INFO    ] mexc_client          Subscribed to USOIL_USDT
2026-05-13 11:20:11 [INFO    ] main                 Evaluating BTC_USDT @ 81104.10
2026-05-13 11:20:11 [INFO    ] main                 Evaluating ETH_USDT @ 2303.46
2026-05-13 11:20:11 [INFO    ] main                 Evaluating XAUT_USDT @ 4703.70
2026-05-13 11:20:11 [INFO    ] strategy             XAUT_USDT: PREDICTIVE signal SELL strength=80% - Bearish ticks: 86% | Accelerating down | Sell pressure
2026-05-13 11:20:11 [INFO    ] main                 Evaluating SILVER_USDT @ 86.80
2026-05-13 11:20:11 [INFO    ] strategy             SILVER_USDT: PREDICTIVE signal SELL strength=80% - Bearish ticks: 95% | Accelerating down | Sell pressure
2026-05-13 11:20:11 [INFO    ] main                 Evaluating USOIL_USDT @ 97.60
2026-05-13 11:20:14 [INFO    ] main                 Evaluating BTC_USDT @ 81104.10
2026-05-13 11:20:15 [INFO    ] main                 Evaluating ETH_USDT @ 2303.46
2026-05-13 11:20:15 [INFO    ] main                 Evaluating XAUT_USDT @ 4703.70
2026-05-13 11:20:15 [INFO    ] main                 Evaluating SILVER_USDT @ 86.80
2026-05-13 11:20:15 [INFO    ] main                 Evaluating USOIL_USDT @ 97.60
2026-05-13 11:20:18 [INFO    ] main                 Evaluating BTC_USDT @ 81104.20
2026-05-13 11:20:18 [INFO    ] main                 Evaluating ETH_USDT @ 2303.46
2026-05-13 11:20:18 [INFO    ] main                 Evaluating XAUT_USDT @ 4703.90
2026-05-13 11:20:18 [INFO    ] main                 Evaluating SILVER_USDT @ 86.79
2026-05-13 11:20:18 [INFO    ] main                 Evaluating USOIL_USDT @ 97.60
2026-05-13 11:20:21 [INFO    ] main                 Evaluating BTC_USDT @ 81104.20
2026-05-13 11:20:21 [INFO    ] main                 Evaluating ETH_USDT @ 2303.35
2026-05-13 11:20:21 [INFO    ] main                 Evaluating XAUT_USDT @ 4703.80
2026-05-13 11:20:21 [INFO    ] strategy             XAUT_USDT: PREDICTIVE signal SELL strength=80% - Bearish ticks: 83% | Accelerating down | Sell pressure
2026-05-13 11:20:21 [INFO    ] main                 Evaluating SILVER_USDT @ 86.79
2026-05-13 11:20:21 [INFO    ] main                 Evaluating USOIL_USDT @ 97.60
2026-05-13 11:20:24 [INFO    ] main                 Evaluating BTC_USDT @ 81100.80
2026-05-13 11:20:24 [INFO    ] main                 Evaluating ETH_USDT @ 2303.34
2026-05-13 11:20:24 [INFO    ] main                 Evaluating XAUT_USDT @ 4703.30
2026-05-13 11:20:24 [INFO    ] strategy             XAUT_USDT: PREDICTIVE signal SELL strength=80% - Bearish ticks: 84% | Accelerating down | Sell pressure
2026-05-13 11:20:24 [INFO    ] main                 Evaluating SILVER_USDT @ 86.79
2026-05-13 11:20:25 [INFO    ] main                 Evaluating USOIL_USDT @ 97.60
2026-05-13 11:20:28 [INFO    ] main                 Evaluating BTC_USDT @ 81100.80
2026-05-13 11:20:28 [INFO    ] main                 Evaluating ETH_USDT @ 2303.09
2026-05-13 11:20:28 [INFO    ] main                 Evaluating XAUT_USDT @ 4703.40
2026-05-13 11:20:28 [INFO    ] main                 Evaluating SILVER_USDT @ 86.80
2026-05-13 11:20:28 [INFO    ] main                 Evaluating USOIL_USDT @ 97.60
2026-05-13 11:20:31 [INFO    ] main                 Evaluating BTC_USDT @ 81099.90
2026-05-13 11:20:31 [INFO    ] main                 Evaluating ETH_USDT @ 2303.10
2026-05-13 11:20:31 [INFO    ] main                 Evaluating XAUT_USDT @ 4703.30
2026-05-13 11:20:31 [INFO    ] strategy             XAUT_USDT: PREDICTIVE signal SELL strength=80% - Bearish ticks: 81% | Accelerating down | Sell pressure
2026-05-13 11:20:31 [INFO    ] main                 Evaluating SILVER_USDT @ 86.82
2026-05-13 11:20:31 [INFO    ] main                 Evaluating USOIL_USDT @ 97.60
2026-05-13 11:20:34 [INFO    ] main                 Evaluating BTC_USDT @ 81100.00
2026-05-13 11:20:34 [INFO    ] main                 Evaluating ETH_USDT @ 2303.06
2026-05-13 11:20:34 [INFO    ] main                 Evaluating XAUT_USDT @ 4703.30
2026-05-13 11:20:34 [INFO    ] strategy             XAUT_USDT: PREDICTIVE signal SELL strength=80% - Bearish ticks: 82% | Accelerating down | Sell pressure
2026-05-13 11:20:34 [INFO    ] main                 Evaluating SILVER_USDT @ 86.81
2026-05-13 11:20:34 [INFO    ] main                 Evaluating USOIL_USDT @ 97.60
2026-05-13 11:20:37 [INFO    ] main                 Evaluating BTC_USDT @ 81098.00
2026-05-13 11:20:38 [INFO    ] main                 Evaluating ETH_USDT @ 2303.00
2026-05-13 11:20:38 [INFO    ] main                 Evaluating XAUT_USDT @ 4703.30
2026-05-13 11:20:38 [INFO    ] main                 Evaluating SILVER_USDT @ 86.82
2026-05-13 11:20:38 [INFO    ] main                 Evaluating USOIL_USDT @ 97.59
2026-05-13 11:20:41 [INFO    ] main                 Evaluating BTC_USDT @ 81094.00
2026-05-13 11:20:41 [INFO    ] main                 Evaluating ETH_USDT @ 2302.92
2026-05-13 11:20:41 [INFO    ] main                 Evaluating XAUT_USDT @ 4703.50
2026-05-13 11:20:41 [INFO    ] main                 Evaluating SILVER_USDT @ 86.80
2026-05-13 11:20:41 [INFO    ] strategy             SILVER_USDT: PREDICTIVE signal SELL strength=80% - Bearish ticks: 87% | Accelerating down | Sell pressure
2026-05-13 11:20:41 [INFO    ] main                 Evaluating USOIL_USDT @ 97.59
2026-05-13 11:20:43 [INFO    ] main                 [START] Bot STARTED by dashboard
2026-05-13 11:20:44 [INFO    ] main                 Evaluating BTC_USDT @ 81094.10
2026-05-13 11:20:44 [INFO    ] main                 Evaluating ETH_USDT @ 2302.75
2026-05-13 11:20:44 [INFO    ] main                 Evaluating XAUT_USDT @ 4703.30
2026-05-13 11:20:44 [INFO    ] strategy             XAUT_USDT: PREDICTIVE signal SELL strength=80% - Bearish ticks: 81% | Accelerating down | Sell pressure
2026-05-13 11:20:44 [INFO    ] main                 Evaluating SILVER_USDT @ 86.80
2026-05-13 11:20:44 [INFO    ] strategy             SILVER_USDT: PREDICTIVE signal SELL strength=80% - Bearish ticks: 87% | Accelerating down | Sell pressure
2026-05-13 11:20:44 [INFO    ] main                 Evaluating USOIL_USDT @ 97.59
2026-05-13 11:20:47 [INFO    ] main                 Evaluating BTC_USDT @ 81094.00
2026-05-13 11:20:47 [INFO    ] main                 Evaluating ETH_USDT @ 2302.74
2026-05-13 11:20:47 [INFO    ] main                 Evaluating XAUT_USDT @ 4703.00
2026-05-13 11:20:47 [INFO    ] strategy             XAUT_USDT: PREDICTIVE signal SELL strength=80% - Bearish ticks: 81% | Accelerating down | Sell pressure
2026-05-13 11:20:48 [INFO    ] main                 Evaluating SILVER_USDT @ 86.79
2026-05-13 11:20:48 [INFO    ] strategy             SILVER_USDT: PREDICTIVE signal SELL strength=80% - Bearish ticks: 88% | Accelerating down | Sell pressure
2026-05-13 11:20:48 [INFO    ] main                 Evaluating USOIL_USDT @ 97.59
2026-05-13 11:20:51 [INFO    ] main                 Evaluating BTC_USDT @ 81094.30
2026-05-13 11:20:51 [INFO    ] main                 Evaluating ETH_USDT @ 2302.75
2026-05-13 11:20:51 [INFO    ] main                 Evaluating XAUT_USDT @ 4702.60
2026-05-13 11:20:51 [INFO    ] strategy             XAUT_USDT: PREDICTIVE signal SELL strength=80% - Bearish ticks: 82% | Accelerating down | Sell pressure
2026-05-13 11:20:51 [INFO    ] main                 Evaluating SILVER_USDT @ 86.75
2026-05-13 11:20:51 [INFO    ] strategy             SILVER_USDT: PREDICTIVE signal SELL strength=80% - Bearish ticks: 88% | Accelerating down | Sell pressure
2026-05-13 11:20:51 [INFO    ] main                 Evaluating USOIL_USDT @ 97.63
2026-05-13 11:20:54 [INFO    ] main                 Evaluating BTC_USDT @ 81088.70
2026-05-13 11:20:54 [INFO    ] main                 Evaluating ETH_USDT @ 2302.75
2026-05-13 11:20:54 [INFO    ] main                 Evaluating XAUT_USDT @ 4702.40
2026-05-13 11:20:54 [INFO    ] strategy             XAUT_USDT: PREDICTIVE signal SELL strength=80% - Bearish ticks: 82% | Accelerating down | Sell pressure
2026-05-13 11:20:54 [INFO    ] main                 Evaluating SILVER_USDT @ 86.74
2026-05-13 11:20:54 [INFO    ] strategy             SILVER_USDT: PREDICTIVE signal SELL strength=80% - Bearish ticks: 88% | Accelerating down | Sell pressure
2026-05-13 11:20:54 [INFO    ] main                 Evaluating USOIL_USDT @ 97.63
2026-05-13 11:20:57 [INFO    ] main                 Evaluating BTC_USDT @ 81088.70
2026-05-13 11:20:57 [INFO    ] main                 Evaluating ETH_USDT @ 2302.75
2026-05-13 11:20:57 [INFO    ] main                 Evaluating XAUT_USDT @ 4702.40
2026-05-13 11:20:57 [INFO    ] strategy             XAUT_USDT: PREDICTIVE signal SELL strength=80% - Bearish ticks: 83% | Accelerating down | Sell pressure
2026-05-13 11:20:57 [INFO    ] main                 Evaluating SILVER_USDT @ 86.74
2026-05-13 11:20:57 [INFO    ] main                 Evaluating USOIL_USDT @ 97.63
2026-05-13 11:21:00 [INFO    ] main                 Evaluating BTC_USDT @ 81088.70
2026-05-13 11:21:01 [INFO    ] main                 Evaluating ETH_USDT @ 2302.58
2026-05-13 11:21:01 [INFO    ] main                 Evaluating XAUT_USDT @ 4702.60
2026-05-13 11:21:01 [INFO    ] main                 Evaluating SILVER_USDT @ 86.74
2026-05-13 11:21:01 [INFO    ] main                 Evaluating USOIL_USDT @ 97.62
2026-05-13 11:21:04 [INFO    ] main                 Evaluating BTC_USDT @ 81078.50
2026-05-13 11:21:04 [INFO    ] main                 Evaluating ETH_USDT @ 2302.24
2026-05-13 11:21:04 [INFO    ] main                 Evaluating XAUT_USDT @ 4702.10
2026-05-13 11:21:04 [INFO    ] strategy             XAUT_USDT: PREDICTIVE signal SELL strength=80% - Bearish ticks: 81% | Accelerating down | Sell pressure
2026-05-13 11:21:04 [INFO    ] main                 Evaluating SILVER_USDT @ 86.71
2026-05-13 11:21:04 [INFO    ] strategy             SILVER_USDT: PREDICTIVE signal SELL strength=80% - Bearish ticks: 89% | Accelerating down | Sell pressure
2026-05-13 11:21:04 [INFO    ] main                 Evaluating USOIL_USDT @ 97.62
2026-05-13 11:21:07 [INFO    ] main                 Evaluating BTC_USDT @ 81088.10
2026-05-13 11:21:07 [INFO    ] main                 Evaluating ETH_USDT @ 2302.73
2026-05-13 11:21:07 [INFO    ] main                 Evaluating XAUT_USDT @ 4701.70
2026-05-13 11:21:07 [INFO    ] main                 Evaluating SILVER_USDT @ 86.70
2026-05-13 11:21:07 [INFO    ] main                 Evaluating USOIL_USDT @ 97.62
2026-05-13 11:21:10 [INFO    ] main                 Evaluating BTC_USDT @ 81089.10
2026-05-13 11:21:10 [INFO    ] main                 Evaluating ETH_USDT @ 2302.64
2026-05-13 11:21:11 [INFO    ] main                 Evaluating XAUT_USDT @ 4701.70
2026-05-13 11:21:11 [INFO    ] main                 Evaluating SILVER_USDT @ 86.68
2026-05-13 11:21:11 [INFO    ] strategy             SILVER_USDT: PREDICTIVE signal SELL strength=80% - Bearish ticks: 90% | Accelerating down | Sell pressure
2026-05-13 11:21:11 [INFO    ] main                 Evaluating USOIL_USDT @ 97.64
2026-05-13 11:21:12 [WARNING ] mexc_client          WebSocket closed: None None
2026-05-13 11:21:14 [INFO    ] main                 Evaluating BTC_USDT @ 81089.10
2026-05-13 11:21:14 [INFO    ] main                 Evaluating ETH_USDT @ 2302.64
2026-05-13 11:21:14 [INFO    ] main                 Evaluating XAUT_USDT @ 4701.70
2026-05-13 11:21:14 [INFO    ] main                 Evaluating SILVER_USDT @ 86.68
2026-05-13 11:21:14 [INFO    ] main                 Evaluating USOIL_USDT @ 97.64
2026-05-13 11:21:17 [INFO    ] main                 Evaluating BTC_USDT @ 81089.10
2026-05-13 11:21:17 [INFO    ] main                 Evaluating ETH_USDT @ 2302.64
2026-05-13 11:21:17 [INFO    ] main                 Evaluating XAUT_USDT @ 4701.70
2026-05-13 11:21:17 [INFO    ] strategy             XAUT_USDT: PREDICTIVE signal SELL strength=80% - Bearish ticks: 83% | Accelerating down | Sell pressure
2026-05-13 11:21:17 [INFO    ] main                 Evaluating SILVER_USDT @ 86.68
2026-05-13 11:21:17 [INFO    ] main                 Evaluating USOIL_USDT @ 97.64
2026-05-13 11:21:17 [INFO    ] mexc_client          Reconnecting WebSocket...
2026-05-13 11:21:18 [INFO    ] mexc_client          WebSocket connected
2026-05-13 11:21:18 [INFO    ] mexc_client          WebSocket ready
2026-05-13 11:21:18 [INFO    ] mexc_client          Subscribed to BTC_USDT
2026-05-13 11:21:18 [INFO    ] mexc_client          Subscribed to ETH_USDT
2026-05-13 11:21:18 [INFO    ] mexc_client          Subscribed to XAUT_USDT
2026-05-13 11:21:18 [INFO    ] mexc_client          Subscribed to SILVER_USDT
2026-05-13 11:21:18 [INFO    ] mexc_client          Subscribed to USOIL_USDT
2026-05-13 11:21:20 [INFO    ] main                 Evaluating BTC_USDT @ 81089.10
2026-05-13 11:21:20 [INFO    ] main                 Evaluating ETH_USDT @ 2302.64
2026-05-13 11:21:20 [INFO    ] main                 Evaluating XAUT_USDT @ 4701.70
2026-05-13 11:21:20 [INFO    ] main                 Evaluating SILVER_USDT @ 86.68
2026-05-13 11:21:20 [INFO    ] main                 Evaluating USOIL_USDT @ 97.64
2026-05-13 11:21:24 [INFO    ] main                 Evaluating BTC_USDT @ 81090.20
2026-05-13 11:21:24 [INFO    ] main                 Evaluating ETH_USDT @ 2302.28
2026-05-13 11:21:24 [INFO    ] main                 Evaluating XAUT_USDT @ 4701.60
2026-05-13 11:21:24 [INFO    ] main                 Evaluating SILVER_USDT @ 86.67
2026-05-13 11:21:24 [INFO    ] main                 Evaluating USOIL_USDT @ 97.68
2026-05-13 11:21:27 [INFO    ] main                 Evaluating BTC_USDT @ 81089.90
2026-05-13 11:21:27 [INFO    ] main                 Evaluating ETH_USDT @ 2302.28
2026-05-13 11:21:27 [INFO    ] main                 Evaluating XAUT_USDT @ 4701.50
2026-05-13 11:21:27 [INFO    ] strategy             XAUT_USDT: PREDICTIVE signal SELL strength=80% - Bearish ticks: 84% | Accelerating down | Sell pressure
2026-05-13 11:21:27 [INFO    ] main                 Evaluating SILVER_USDT @ 86.66
2026-05-13 11:21:27 [INFO    ] main                 Evaluating USOIL_USDT @ 97.68
2026-05-13 11:21:30 [INFO    ] main                 Evaluating BTC_USDT @ 81089.90
2026-05-13 11:21:30 [INFO    ] main                 Evaluating ETH_USDT @ 2302.28
2026-05-13 11:21:30 [INFO    ] main                 Evaluating XAUT_USDT @ 4701.50
2026-05-13 11:21:30 [INFO    ] main                 Evaluating SILVER_USDT @ 86.66
2026-05-13 11:21:30 [INFO    ] main                 Evaluating USOIL_USDT @ 97.68
2026-05-13 11:21:33 [INFO    ] main                 Evaluating BTC_USDT @ 81064.30
2026-05-13 11:21:33 [INFO    ] main                 Evaluating ETH_USDT @ 2301.50
2026-05-13 11:21:33 [INFO    ] main                 Evaluating XAUT_USDT @ 4701.10
2026-05-13 11:21:33 [INFO    ] strategy             XAUT_USDT: PREDICTIVE signal SELL strength=80% - Bearish ticks: 85% | Accelerating down | Sell pressure
2026-05-13 11:21:34 [INFO    ] main                 Evaluating SILVER_USDT @ 86.61
2026-05-13 11:21:34 [INFO    ] strategy             SILVER_USDT: PREDICTIVE signal SELL strength=80% - Bearish ticks: 91% | Accelerating down | Sell pressure
2026-05-13 11:21:34 [INFO    ] main                 Evaluating USOIL_USDT @ 97.68
2026-05-13 11:21:37 [INFO    ] main                 Evaluating BTC_USDT @ 81063.20
2026-05-13 11:21:37 [INFO    ] main                 Evaluating ETH_USDT @ 2301.44
2026-05-13 11:21:37 [INFO    ] main                 Evaluating XAUT_USDT @ 4700.60
2026-05-13 11:21:37 [INFO    ] strategy             XAUT_USDT: PREDICTIVE signal SELL strength=80% - Bearish ticks: 85% | Accelerating down | Sell pressure
2026-05-13 11:21:37 [INFO    ] main                 Evaluating SILVER_USDT @ 86.58
2026-05-13 11:21:37 [INFO    ] strategy             SILVER_USDT: PREDICTIVE signal SELL strength=80% - Bearish ticks: 91% | Accelerating down | Sell pressure
2026-05-13 11:21:37 [INFO    ] main                 Evaluating USOIL_USDT @ 97.68
2026-05-13 11:21:40 [INFO    ] main                 Evaluating BTC_USDT @ 81059.60
2026-05-13 11:21:40 [INFO    ] main                 Evaluating ETH_USDT @ 2301.20
2026-05-13 11:21:40 [INFO    ] main                 Evaluating XAUT_USDT @ 4700.60
2026-05-13 11:21:40 [INFO    ] main                 Evaluating SILVER_USDT @ 86.57
2026-05-13 11:21:40 [INFO    ] main                 Evaluating USOIL_USDT @ 97.71
2026-05-13 11:21:43 [INFO    ] main                 Evaluating BTC_USDT @ 81054.60
2026-05-13 11:21:43 [INFO    ] main                 Evaluating ETH_USDT @ 2301.19
2026-05-13 11:21:43 [INFO    ] main                 Evaluating XAUT_USDT @ 4700.70
2026-05-13 11:21:43 [INFO    ] main                 Evaluating SILVER_USDT @ 86.58
2026-05-13 11:21:43 [INFO    ] main                 Evaluating USOIL_USDT @ 97.71
2026-05-13 11:21:47 [INFO    ] main                 Evaluating BTC_USDT @ 81048.40
2026-05-13 11:21:47 [INFO    ] main                 Evaluating ETH_USDT @ 2301.01
2026-05-13 11:21:47 [INFO    ] main                 Evaluating XAUT_USDT @ 4700.50
2026-05-13 11:21:47 [INFO    ] strategy             XAUT_USDT: PREDICTIVE signal SELL strength=80% - Bearish ticks: 84% | Accelerating down | Sell pressure
2026-05-13 11:21:47 [INFO    ] main                 Evaluating SILVER_USDT @ 86.58
2026-05-13 11:21:47 [INFO    ] main                 Evaluating USOIL_USDT @ 97.71
2026-05-13 11:21:50 [INFO    ] main                 Evaluating BTC_USDT @ 81035.40
2026-05-13 11:21:50 [INFO    ] main                 Evaluating ETH_USDT @ 2300.77
2026-05-13 11:21:50 [INFO    ] main                 Evaluating XAUT_USDT @ 4700.60
2026-05-13 11:21:50 [INFO    ] main                 Evaluating SILVER_USDT @ 86.60
2026-05-13 11:21:50 [INFO    ] main                 Evaluating USOIL_USDT @ 97.71
2026-05-13 11:21:53 [INFO    ] main                 Evaluating BTC_USDT @ 81035.40
2026-05-13 11:21:53 [INFO    ] main                 Evaluating ETH_USDT @ 2300.77
2026-05-13 11:21:53 [INFO    ] main                 Evaluating XAUT_USDT @ 4700.80
2026-05-13 11:21:53 [INFO    ] main                 Evaluating SILVER_USDT @ 86.60
2026-05-13 11:21:53 [INFO    ] main                 Evaluating USOIL_USDT @ 97.71
2026-05-13 11:21:56 [INFO    ] main                 Evaluating BTC_USDT @ 81035.50
2026-05-13 11:21:57 [INFO    ] main                 Evaluating ETH_USDT @ 2300.78
2026-05-13 11:21:57 [INFO    ] main                 Evaluating XAUT_USDT @ 4700.80
2026-05-13 11:21:57 [INFO    ] main                 Evaluating SILVER_USDT @ 86.60
2026-05-13 11:21:57 [INFO    ] main                 Evaluating USOIL_USDT @ 97.71
2026-05-13 11:22:00 [INFO    ] main                 Evaluating BTC_USDT @ 81035.50
2026-05-13 11:22:00 [INFO    ] main                 Evaluating ETH_USDT @ 2300.77
2026-05-13 11:22:00 [INFO    ] main                 Evaluating XAUT_USDT @ 4701.10
2026-05-13 11:22:00 [INFO    ] main                 Evaluating SILVER_USDT @ 86.62
2026-05-13 11:22:00 [INFO    ] main                 Evaluating USOIL_USDT @ 97.71
2026-05-13 11:22:03 [INFO    ] main                 Evaluating BTC_USDT @ 81022.00
2026-05-13 11:22:03 [INFO    ] main                 Evaluating ETH_USDT @ 2300.43
2026-05-13 11:22:03 [INFO    ] main                 Evaluating XAUT_USDT @ 4701.00
2026-05-13 11:22:03 [INFO    ] main                 Evaluating SILVER_USDT @ 86.63
2026-05-13 11:22:03 [INFO    ] main                 Evaluating USOIL_USDT @ 97.71
2026-05-13 11:22:06 [INFO    ] main                 Evaluating BTC_USDT @ 81022.00
2026-05-13 11:22:06 [INFO    ] main                 Evaluating ETH_USDT @ 2300.43
2026-05-13 11:22:06 [INFO    ] main                 Evaluating XAUT_USDT @ 4701.00
2026-05-13 11:22:06 [INFO    ] strategy             XAUT_USDT: PREDICTIVE signal SELL strength=80% - Bearish ticks: 80% | Accelerating down | Sell pressure
2026-05-13 11:22:06 [INFO    ] main                 Evaluating SILVER_USDT @ 86.63
2026-05-13 11:22:06 [INFO    ] strategy             SILVER_USDT: PREDICTIVE signal SELL strength=80% - Bearish ticks: 86% | Accelerating down | Sell pressure
2026-05-13 11:22:06 [INFO    ] main                 Evaluating USOIL_USDT @ 97.71
2026-05-13 11:22:10 [INFO    ] main                 Evaluating BTC_USDT @ 81017.50
2026-05-13 11:22:10 [INFO    ] main                 Evaluating ETH_USDT @ 2300.57
2026-05-13 11:22:10 [INFO    ] main                 Evaluating XAUT_USDT @ 4701.00
2026-05-13 11:22:10 [INFO    ] strategy             XAUT_USDT: PREDICTIVE signal SELL strength=80% - Bearish ticks: 81% | Accelerating down | Sell pressure
2026-05-13 11:22:10 [INFO    ] main                 Evaluating SILVER_USDT @ 86.62
2026-05-13 11:22:10 [INFO    ] strategy             SILVER_USDT: PREDICTIVE signal SELL strength=80% - Bearish ticks: 86% | Accelerating down | Sell pressure
2026-05-13 11:22:10 [INFO    ] main                 Evaluating USOIL_USDT @ 97.72
2026-05-13 11:22:13 [INFO    ] main                 Evaluating BTC_USDT @ 81019.20
2026-05-13 11:22:13 [INFO    ] main                 Evaluating ETH_USDT @ 2300.78
2026-05-13 11:22:13 [INFO    ] main                 Evaluating XAUT_USDT @ 4701.10
2026-05-13 11:22:13 [INFO    ] main                 Evaluating SILVER_USDT @ 86.65
2026-05-13 11:22:13 [INFO    ] main                 Evaluating USOIL_USDT @ 97.71
2026-05-13 11:22:16 [INFO    ] main                 Evaluating BTC_USDT @ 81021.50
2026-05-13 11:22:16 [INFO    ] main                 Evaluating ETH_USDT @ 2300.78
2026-05-13 11:22:16 [INFO    ] main                 Evaluating XAUT_USDT @ 4701.30
2026-05-13 11:22:16 [INFO    ] strategy             XAUT_USDT: PREDICTIVE signal SELL strength=80% - Bearish ticks: 78% | Accelerating down | Sell pressure
2026-05-13 11:22:16 [INFO    ] main                 Evaluating SILVER_USDT @ 86.66
2026-05-13 11:22:16 [INFO    ] strategy             SILVER_USDT: PREDICTIVE signal SELL strength=80% - Bearish ticks: 83% | Accelerating down | Sell pressure
2026-05-13 11:22:16 [INFO    ] main                 Evaluating USOIL_USDT @ 97.71
2026-05-13 11:22:19 [INFO    ] main                 Evaluating BTC_USDT @ 81021.40
2026-05-13 11:22:19 [INFO    ] main                 Evaluating ETH_USDT @ 2301.03
2026-05-13 11:22:20 [INFO    ] main                 Evaluating XAUT_USDT @ 4701.10
2026-05-13 11:22:20 [INFO    ] strategy             XAUT_USDT: PREDICTIVE signal SELL strength=80% - Bearish ticks: 78% | Accelerating down | Sell pressure
2026-05-13 11:22:20 [INFO    ] main                 Evaluating SILVER_USDT @ 86.66
2026-05-13 11:22:20 [INFO    ] strategy             SILVER_USDT: PREDICTIVE signal SELL strength=80% - Bearish ticks: 83% | Accelerating down | Sell pressure
2026-05-13 11:22:20 [INFO    ] main                 Evaluating USOIL_USDT @ 97.71
2026-05-13 11:22:22 [WARNING ] mexc_client          WebSocket closed: None None
2026-05-13 11:22:23 [INFO    ] main                 Evaluating BTC_USDT @ 81022.70
2026-05-13 11:22:23 [INFO    ] main                 Evaluating ETH_USDT @ 2301.14
2026-05-13 11:22:23 [INFO    ] main                 Evaluating XAUT_USDT @ 4701.00
2026-05-13 11:22:23 [INFO    ] strategy             XAUT_USDT: PREDICTIVE signal SELL strength=80% - Bearish ticks: 79% | Accelerating down | Sell pressure
2026-05-13 11:22:23 [INFO    ] main                 Evaluating SILVER_USDT @ 86.66
2026-05-13 11:22:23 [INFO    ] main                 Evaluating USOIL_USDT @ 97.71
2026-05-13 11:22:26 [INFO    ] main                 Evaluating BTC_USDT @ 81022.70
2026-05-13 11:22:26 [INFO    ] main                 Evaluating ETH_USDT @ 2301.14
2026-05-13 11:22:26 [INFO    ] main                 Evaluating XAUT_USDT @ 4701.00
2026-05-13 11:22:26 [INFO    ] main                 Evaluating SILVER_USDT @ 86.66
2026-05-13 11:22:26 [INFO    ] main                 Evaluating USOIL_USDT @ 97.71
2026-05-13 11:22:27 [INFO    ] mexc_client          Reconnecting WebSocket...
2026-05-13 11:22:28 [INFO    ] mexc_client          WebSocket connected
2026-05-13 11:22:28 [INFO    ] mexc_client          WebSocket ready
2026-05-13 11:22:28 [INFO    ] mexc_client          Subscribed to BTC_USDT
2026-05-13 11:22:28 [INFO    ] mexc_client          Subscribed to ETH_USDT
2026-05-13 11:22:28 [INFO    ] mexc_client          Subscribed to XAUT_USDT
2026-05-13 11:22:28 [INFO    ] mexc_client          Subscribed to SILVER_USDT
2026-05-13 11:22:28 [INFO    ] mexc_client          Subscribed to USOIL_USDT
2026-05-13 11:22:29 [INFO    ] main                 Evaluating BTC_USDT @ 81022.60
2026-05-13 11:22:29 [INFO    ] main                 Evaluating ETH_USDT @ 2301.13
2026-05-13 11:22:29 [INFO    ] main                 Evaluating XAUT_USDT @ 4701.70
2026-05-13 11:22:29 [INFO    ] main                 Evaluating SILVER_USDT @ 86.67
2026-05-13 11:22:29 [INFO    ] strategy             SILVER_USDT: PREDICTIVE signal SELL strength=80% - Bearish ticks: 83% | Accelerating down | Sell pressure
2026-05-13 11:22:30 [INFO    ] main                 Evaluating USOIL_USDT @ 97.65
2026-05-13 11:22:33 [INFO    ] main                 Evaluating BTC_USDT @ 81022.60
2026-05-13 11:22:33 [INFO    ] main                 Evaluating ETH_USDT @ 2301.13
2026-05-13 11:22:33 [INFO    ] main                 Evaluating XAUT_USDT @ 4701.70
2026-05-13 11:22:33 [INFO    ] strategy             XAUT_USDT: PREDICTIVE signal SELL strength=80% - Bearish ticks: 78% | Accelerating down | Sell pressure
2026-05-13 11:22:33 [INFO    ] main                 Evaluating SILVER_USDT @ 86.67
2026-05-13 11:22:33 [INFO    ] strategy             SILVER_USDT: PREDICTIVE signal SELL strength=80% - Bearish ticks: 83% | Accelerating down | Sell pressure
2026-05-13 11:22:33 [INFO    ] main                 Evaluating USOIL_USDT @ 97.65
2026-05-13 11:22:36 [INFO    ] main                 Evaluating BTC_USDT @ 81026.40
2026-05-13 11:22:36 [INFO    ] main                 Evaluating ETH_USDT @ 2301.28
2026-05-13 11:22:36 [INFO    ] main                 Evaluating XAUT_USDT @ 4702.10
2026-05-13 11:22:36 [INFO    ] main                 Evaluating SILVER_USDT @ 86.68
2026-05-13 11:22:36 [INFO    ] main                 Evaluating USOIL_USDT @ 97.65
2026-05-13 11:22:39 [INFO    ] main                 Evaluating BTC_USDT @ 81023.10
2026-05-13 11:22:39 [INFO    ] main                 Evaluating ETH_USDT @ 2301.14
2026-05-13 11:22:39 [INFO    ] main                 Evaluating XAUT_USDT @ 4701.20
2026-05-13 11:22:39 [INFO    ] strategy             XAUT_USDT: PREDICTIVE signal SELL strength=80% - Bearish ticks: 77% | Accelerating down | Sell pressure
2026-05-13 11:22:39 [INFO    ] main                 Evaluating SILVER_USDT @ 86.67
2026-05-13 11:22:39 [INFO    ] strategy             SILVER_USDT: PREDICTIVE signal SELL strength=80% - Bearish ticks: 82% | Accelerating down | Sell pressure
2026-05-13 11:22:39 [INFO    ] main                 Evaluating USOIL_USDT @ 97.66
2026-05-13 11:22:42 [INFO    ] main                 Evaluating BTC_USDT @ 81020.10
2026-05-13 11:22:42 [INFO    ] main                 Evaluating ETH_USDT @ 2301.13
2026-05-13 11:22:43 [INFO    ] main                 Evaluating XAUT_USDT @ 4701.00
2026-05-13 11:22:43 [INFO    ] strategy             XAUT_USDT: PREDICTIVE signal SELL strength=80% - Bearish ticks: 78% | Accelerating down | Sell pressure
2026-05-13 11:22:43 [INFO    ] main                 Evaluating SILVER_USDT @ 86.68
2026-05-13 11:22:43 [INFO    ] main                 Evaluating USOIL_USDT @ 97.66
2026-05-13 11:22:46 [INFO    ] main                 Evaluating BTC_USDT @ 81020.10
2026-05-13 11:22:46 [INFO    ] main                 Evaluating ETH_USDT @ 2301.13
2026-05-13 11:22:46 [INFO    ] main                 Evaluating XAUT_USDT @ 4701.00
2026-05-13 11:22:46 [INFO    ] strategy             XAUT_USDT: PREDICTIVE signal SELL strength=80% - Bearish ticks: 78% | Accelerating down | Sell pressure
2026-05-13 11:22:46 [INFO    ] main                 Evaluating SILVER_USDT @ 86.68
2026-05-13 11:22:46 [INFO    ] strategy             SILVER_USDT: PREDICTIVE signal SELL strength=80% - Bearish ticks: 81% | Accelerating down | Sell pressure
2026-05-13 11:22:46 [INFO    ] main                 Evaluating USOIL_USDT @ 97.66
2026-05-13 11:22:49 [INFO    ] main                 Evaluating BTC_USDT @ 81020.00
2026-05-13 11:22:49 [INFO    ] main                 Evaluating ETH_USDT @ 2301.11
2026-05-13 11:22:49 [INFO    ] main                 Evaluating XAUT_USDT @ 4701.10
2026-05-13 11:22:49 [INFO    ] main                 Evaluating SILVER_USDT @ 86.68
2026-05-13 11:22:49 [INFO    ] main                 Evaluating USOIL_USDT @ 97.65
2026-05-13 11:22:52 [INFO    ] main                 Evaluating BTC_USDT @ 81019.30
2026-05-13 11:22:52 [INFO    ] main                 Evaluating ETH_USDT @ 2301.07
2026-05-13 11:22:52 [INFO    ] main                 Evaluating XAUT_USDT @ 4701.30
2026-05-13 11:22:52 [INFO    ] strategy             XAUT_USDT: PREDICTIVE signal SELL strength=80% - Bearish ticks: 76% | Accelerating down | Sell pressure
2026-05-13 11:22:53 [INFO    ] main                 Evaluating SILVER_USDT @ 86.70
2026-05-13 11:22:53 [INFO    ] main                 Evaluating USOIL_USDT @ 97.65
2026-05-13 11:22:56 [INFO    ] main                 Evaluating BTC_USDT @ 81019.30
2026-05-13 11:22:56 [INFO    ] main                 Evaluating ETH_USDT @ 2301.07
2026-05-13 11:22:56 [INFO    ] main                 Evaluating XAUT_USDT @ 4701.10
2026-05-13 11:22:56 [INFO    ] main                 Evaluating SILVER_USDT @ 86.71
2026-05-13 11:22:56 [INFO    ] main                 Evaluating USOIL_USDT @ 97.65
2026-05-13 11:22:59 [INFO    ] main                 Evaluating BTC_USDT @ 81019.30
2026-05-13 11:22:59 [INFO    ] main                 Evaluating ETH_USDT @ 2301.06
2026-05-13 11:22:59 [INFO    ] main                 Evaluating XAUT_USDT @ 4701.30
2026-05-13 11:22:59 [INFO    ] main                 Evaluating SILVER_USDT @ 86.69
2026-05-13 11:22:59 [INFO    ] strategy             SILVER_USDT: PREDICTIVE signal SELL strength=80% - Bearish ticks: 79% | Accelerating down | Sell pressure
2026-05-13 11:22:59 [INFO    ] main                 Evaluating USOIL_USDT @ 97.65
2026-05-13 11:23:02 [INFO    ] main                 Evaluating BTC_USDT @ 81019.20
2026-05-13 11:23:02 [INFO    ] main                 Evaluating ETH_USDT @ 2301.06
2026-05-13 11:23:02 [INFO    ] main                 Evaluating XAUT_USDT @ 4701.30
2026-05-13 11:23:02 [INFO    ] main                 Evaluating SILVER_USDT @ 86.69
2026-05-13 11:23:03 [INFO    ] main                 Evaluating USOIL_USDT @ 97.64
2026-05-13 11:23:06 [INFO    ] main                 Evaluating BTC_USDT @ 81014.30
2026-05-13 11:23:06 [INFO    ] main                 Evaluating ETH_USDT @ 2300.56
2026-05-13 11:23:06 [INFO    ] main                 Evaluating XAUT_USDT @ 4701.10
2026-05-13 11:23:06 [INFO    ] main                 Evaluating SILVER_USDT @ 86.69
2026-05-13 11:23:06 [INFO    ] main                 Evaluating USOIL_USDT @ 97.64
2026-05-13 11:23:09 [INFO    ] main                 Evaluating BTC_USDT @ 81014.30
2026-05-13 11:23:09 [INFO    ] main                 Evaluating ETH_USDT @ 2300.56
2026-05-13 11:23:09 [INFO    ] main                 Evaluating XAUT_USDT @ 4701.10
2026-05-13 11:23:09 [INFO    ] main                 Evaluating SILVER_USDT @ 86.69
2026-05-13 11:23:09 [INFO    ] strategy             SILVER_USDT: PREDICTIVE signal SELL strength=80% - Bearish ticks: 80% | Accelerating down | Sell pressure
2026-05-13 11:23:09 [INFO    ] main                 Evaluating USOIL_USDT @ 97.64
2026-05-13 11:23:12 [INFO    ] main                 Evaluating BTC_USDT @ 81010.00
2026-05-13 11:23:12 [INFO    ] main                 Evaluating ETH_USDT @ 2300.48
2026-05-13 11:23:12 [INFO    ] main                 Evaluating XAUT_USDT @ 4701.30
2026-05-13 11:23:12 [INFO    ] main                 Evaluating SILVER_USDT @ 86.69
2026-05-13 11:23:12 [INFO    ] strategy             SILVER_USDT: PREDICTIVE signal SELL strength=80% - Bearish ticks: 80% | Accelerating down | Sell pressure
2026-05-13 11:23:12 [INFO    ] main                 Evaluating USOIL_USDT @ 97.64
2026-05-13 11:23:15 [INFO    ] main                 Evaluating BTC_USDT @ 81006.00
2026-05-13 11:23:15 [INFO    ] main                 Evaluating ETH_USDT @ 2300.48
2026-05-13 11:23:16 [INFO    ] main                 Evaluating XAUT_USDT @ 4701.10
2026-05-13 11:23:16 [INFO    ] main                 Evaluating SILVER_USDT @ 86.68
2026-05-13 11:23:16 [INFO    ] main                 Evaluating USOIL_USDT @ 97.62
2026-05-13 11:23:19 [INFO    ] main                 Evaluating BTC_USDT @ 81006.00
2026-05-13 11:23:19 [INFO    ] main                 Evaluating ETH_USDT @ 2300.48
2026-05-13 11:23:19 [INFO    ] main                 Evaluating XAUT_USDT @ 4701.10
2026-05-13 11:23:19 [INFO    ] main                 Evaluating SILVER_USDT @ 86.67
2026-05-13 11:23:19 [INFO    ] strategy             SILVER_USDT: PREDICTIVE signal SELL strength=80% - Bearish ticks: 81% | Accelerating down | Sell pressure
2026-05-13 11:23:19 [INFO    ] main                 Evaluating USOIL_USDT @ 97.62
2026-05-13 11:23:22 [INFO    ] main                 Evaluating BTC_USDT @ 81006.10
2026-05-13 11:23:22 [INFO    ] main                 Evaluating ETH_USDT @ 2300.48
2026-05-13 11:23:22 [INFO    ] main                 Evaluating XAUT_USDT @ 4701.10
2026-05-13 11:23:22 [INFO    ] main                 Evaluating SILVER_USDT @ 86.67
2026-05-13 11:23:22 [INFO    ] main                 Evaluating USOIL_USDT @ 97.62
2026-05-13 11:23:25 [INFO    ] main                 Evaluating BTC_USDT @ 81004.80
2026-05-13 11:23:25 [INFO    ] main                 Evaluating ETH_USDT @ 2300.46
2026-05-13 11:23:25 [INFO    ] main                 Evaluating XAUT_USDT @ 4700.80
2026-05-13 11:23:26 [INFO    ] main                 Evaluating SILVER_USDT @ 86.69
2026-05-13 11:23:26 [INFO    ] main                 Evaluating USOIL_USDT @ 97.62
2026-05-13 11:23:28 [WARNING ] mexc_client          WebSocket closed: None None
2026-05-13 11:23:29 [INFO    ] main                 Evaluating BTC_USDT @ 81004.40
2026-05-13 11:23:29 [INFO    ] main                 Evaluating ETH_USDT @ 2300.43
2026-05-13 11:23:29 [INFO    ] main                 Evaluating XAUT_USDT @ 4701.00
2026-05-13 11:23:29 [INFO    ] main                 Evaluating SILVER_USDT @ 86.68
2026-05-13 11:23:29 [INFO    ] strategy             SILVER_USDT: PREDICTIVE signal SELL strength=80% - Bearish ticks: 80% | Accelerating down | Sell pressure
2026-05-13 11:23:29 [INFO    ] main                 Evaluating USOIL_USDT @ 97.62
2026-05-13 11:23:32 [INFO    ] main                 Evaluating BTC_USDT @ 81004.40
2026-05-13 11:23:32 [INFO    ] main                 Evaluating ETH_USDT @ 2300.43
2026-05-13 11:23:32 [INFO    ] main                 Evaluating XAUT_USDT @ 4701.00
2026-05-13 11:23:32 [INFO    ] main                 Evaluating SILVER_USDT @ 86.68
2026-05-13 11:23:32 [INFO    ] main                 Evaluating USOIL_USDT @ 97.62
2026-05-13 11:23:33 [INFO    ] mexc_client          Reconnecting WebSocket...
2026-05-13 11:23:35 [INFO    ] mexc_client          WebSocket connected
2026-05-13 11:23:35 [INFO    ] mexc_client          WebSocket ready
2026-05-13 11:23:35 [INFO    ] mexc_client          Subscribed to BTC_USDT
2026-05-13 11:23:35 [INFO    ] mexc_client          Subscribed to ETH_USDT
2026-05-13 11:23:35 [INFO    ] mexc_client          Subscribed to XAUT_USDT
2026-05-13 11:23:35 [INFO    ] mexc_client          Subscribed to SILVER_USDT
2026-05-13 11:23:35 [INFO    ] mexc_client          Subscribed to USOIL_USDT
2026-05-13 11:23:35 [INFO    ] main                 Evaluating BTC_USDT @ 81004.00
2026-05-13 11:23:35 [INFO    ] main                 Evaluating ETH_USDT @ 2300.43
2026-05-13 11:23:35 [INFO    ] main                 Evaluating XAUT_USDT @ 4701.30
2026-05-13 11:23:35 [INFO    ] main                 Evaluating SILVER_USDT @ 86.68
2026-05-13 11:23:36 [INFO    ] main                 Evaluating USOIL_USDT @ 97.65
2026-05-13 11:23:39 [INFO    ] main                 Evaluating BTC_USDT @ 81004.00
2026-05-13 11:23:39 [INFO    ] main                 Evaluating ETH_USDT @ 2300.33
2026-05-13 11:23:39 [INFO    ] main                 Evaluating XAUT_USDT @ 4701.30
2026-05-13 11:23:39 [INFO    ] main                 Evaluating SILVER_USDT @ 86.67
2026-05-13 11:23:39 [INFO    ] strategy             SILVER_USDT: PREDICTIVE signal SELL strength=80% - Bearish ticks: 81% | Accelerating down | Sell pressure
2026-05-13 11:23:39 [INFO    ] main                 Evaluating USOIL_USDT @ 97.65
2026-05-13 11:23:42 [INFO    ] main                 Evaluating BTC_USDT @ 81003.90
2026-05-13 11:23:42 [INFO    ] main                 Evaluating ETH_USDT @ 2300.33
2026-05-13 11:23:42 [INFO    ] main                 Evaluating XAUT_USDT @ 4701.30
2026-05-13 11:23:42 [INFO    ] main                 Evaluating SILVER_USDT @ 86.65
2026-05-13 11:23:42 [INFO    ] strategy             SILVER_USDT: PREDICTIVE signal SELL strength=80% - Bearish ticks: 81% | Accelerating down | Sell pressure
2026-05-13 11:23:42 [INFO    ] main                 Evaluating USOIL_USDT @ 97.65
2026-05-13 11:23:45 [INFO    ] main                 Evaluating BTC_USDT @ 81003.90
2026-05-13 11:23:45 [INFO    ] main                 Evaluating ETH_USDT @ 2300.33
2026-05-13 11:23:45 [INFO    ] main                 Evaluating XAUT_USDT @ 4700.60
2026-05-13 11:23:45 [INFO    ] main                 Evaluating SILVER_USDT @ 86.65
2026-05-13 11:23:45 [INFO    ] main                 Evaluating USOIL_USDT @ 97.62
2026-05-13 11:23:48 [INFO    ] main                 Evaluating BTC_USDT @ 81003.30
2026-05-13 11:23:48 [INFO    ] main                 Evaluating ETH_USDT @ 2300.22
2026-05-13 11:23:49 [INFO    ] main                 Evaluating XAUT_USDT @ 4700.60
2026-05-13 11:23:49 [INFO    ] main                 Evaluating SILVER_USDT @ 86.66
2026-05-13 11:23:49 [INFO    ] main                 Evaluating USOIL_USDT @ 97.62
2026-05-13 11:23:52 [INFO    ] main                 Evaluating BTC_USDT @ 81003.30
2026-05-13 11:23:52 [INFO    ] main                 Evaluating ETH_USDT @ 2300.22
2026-05-13 11:23:52 [INFO    ] main                 Evaluating XAUT_USDT @ 4700.60
2026-05-13 11:23:52 [INFO    ] main                 Evaluating SILVER_USDT @ 86.66
2026-05-13 11:23:52 [INFO    ] main                 Evaluating USOIL_USDT @ 97.62
2026-05-13 11:23:55 [INFO    ] main                 Evaluating BTC_USDT @ 81000.10
2026-05-13 11:23:55 [INFO    ] main                 Evaluating ETH_USDT @ 2300.22
2026-05-13 11:23:55 [INFO    ] main                 Evaluating XAUT_USDT @ 4700.60
2026-05-13 11:23:55 [INFO    ] main                 Evaluating SILVER_USDT @ 86.70
2026-05-13 11:23:55 [INFO    ] main                 Evaluating USOIL_USDT @ 97.62
2026-05-13 11:23:59 [WARNING ] ai_model             LightGBM not found – rule-based mode only
2026-05-13 11:23:59 [WARNING ] ai_analyst           google-genai not installed — rule-based analyst active
2026-05-13 11:24:00 [INFO    ] main                 [DRY-RUN] DRY-RUN MODE - no real orders placed
2026-05-13 11:24:00 [INFO    ] mexc_client          MEXCClient initialized | dry_run=True
2026-05-13 11:24:00 [INFO    ] data_fetcher         Database initialized: data/trades.db
2026-05-13 11:24:00 [INFO    ] ai_analyst           AI Analyst running in rule-based mode (no GEMINI_API_KEY)
2026-05-13 11:24:00 [INFO    ] trader               Loaded 0 open positions from DB
2026-05-13 11:24:00 [INFO    ] trader               Trader ready | dry_run=True | open=0
2026-05-13 11:24:00 [INFO    ] main                 ============================================================
2026-05-13 11:24:00 [INFO    ] main                   MEXC SCALPING AI BOT  |  dry_run=True
2026-05-13 11:24:00 [INFO    ] main                   Symbols : BTC_USDT, ETH_USDT, XAUT_USDT, SILVER_USDT, USOIL_USDT
2026-05-13 11:24:00 [INFO    ] main                   Interval: Min1 | Check: 3s
2026-05-13 11:24:00 [INFO    ] main                 ============================================================
2026-05-13 11:24:00 [INFO    ] mexc_client          Testing MEXC connection...
2026-05-13 11:24:01 [INFO    ] mexc_client          ✓ Public API OK | BTC price: 81000.1
2026-05-13 11:24:01 [ERROR   ] mexc_client          GET /api/v1/private/account/assets failed: 401 Client Error: Unauthorized for url: https://contract.mexc.com/api/v1/private/account/assets
2026-05-13 11:24:01 [INFO    ] mexc_client          ✓ Private API OK | Got account data
2026-05-13 11:24:01 [INFO    ] main                 Loading 1-minute historical data...
2026-05-13 11:24:01 [INFO    ] data_fetcher         Loading history for BTC_USDT...
2026-05-13 11:24:02 [INFO    ] data_fetcher           [OK] BTC_USDT: 300 candles loaded
2026-05-13 11:24:02 [INFO    ] data_fetcher         Loading history for ETH_USDT...
2026-05-13 11:24:02 [INFO    ] data_fetcher           [OK] ETH_USDT: 300 candles loaded
2026-05-13 11:24:02 [INFO    ] data_fetcher         Loading history for XAUT_USDT...
2026-05-13 11:24:02 [INFO    ] data_fetcher           [OK] XAUT_USDT: 300 candles loaded
2026-05-13 11:24:02 [INFO    ] data_fetcher         Loading history for SILVER_USDT...
2026-05-13 11:24:03 [INFO    ] data_fetcher           [OK] SILVER_USDT: 299 candles loaded
2026-05-13 11:24:03 [INFO    ] data_fetcher         Loading history for USOIL_USDT...
2026-05-13 11:24:03 [INFO    ] data_fetcher           [OK] USOIL_USDT: 301 candles loaded
2026-05-13 11:24:03 [INFO    ] data_fetcher         Database initialized: data/trades_htf.db
2026-05-13 11:24:03 [INFO    ] main                 Loading 5-minute higher-timeframe data...
2026-05-13 11:24:03 [INFO    ] data_fetcher         Loading history for BTC_USDT...
2026-05-13 11:24:04 [INFO    ] data_fetcher           [OK] BTC_USDT: 100 candles loaded
2026-05-13 11:24:04 [INFO    ] data_fetcher         Loading history for ETH_USDT...
2026-05-13 11:24:04 [INFO    ] data_fetcher           [OK] ETH_USDT: 100 candles loaded
2026-05-13 11:24:04 [INFO    ] data_fetcher         Loading history for XAUT_USDT...
2026-05-13 11:24:04 [INFO    ] data_fetcher           [OK] XAUT_USDT: 100 candles loaded
2026-05-13 11:24:04 [INFO    ] data_fetcher         Loading history for SILVER_USDT...
2026-05-13 11:24:05 [INFO    ] data_fetcher           [OK] SILVER_USDT: 100 candles loaded
2026-05-13 11:24:05 [INFO    ] data_fetcher         Loading history for USOIL_USDT...
2026-05-13 11:24:05 [INFO    ] data_fetcher           [OK] USOIL_USDT: 101 candles loaded
2026-05-13 11:24:06 [ERROR   ] mexc_client          POST /api/v1/private/position/change_leverage failed: 401 Client Error: Unauthorized for url: https://contract.mexc.com/api/v1/private/position/change_leverage
2026-05-13 11:24:07 [ERROR   ] mexc_client          POST /api/v1/private/position/change_leverage failed: 401 Client Error: Unauthorized for url: https://contract.mexc.com/api/v1/private/position/change_leverage
2026-05-13 11:24:07 [INFO    ] main                   Leverage set: BTC_USDT x 10
2026-05-13 11:24:09 [ERROR   ] mexc_client          POST /api/v1/private/position/change_leverage failed: 401 Client Error: Unauthorized for url: https://contract.mexc.com/api/v1/private/position/change_leverage
2026-05-13 11:24:10 [ERROR   ] mexc_client          POST /api/v1/private/position/change_leverage failed: 401 Client Error: Unauthorized for url: https://contract.mexc.com/api/v1/private/position/change_leverage
2026-05-13 11:24:10 [INFO    ] main                   Leverage set: ETH_USDT x 10
2026-05-13 11:24:11 [ERROR   ] mexc_client          POST /api/v1/private/position/change_leverage failed: 401 Client Error: Unauthorized for url: https://contract.mexc.com/api/v1/private/position/change_leverage
2026-05-13 11:24:12 [ERROR   ] mexc_client          POST /api/v1/private/position/change_leverage failed: 401 Client Error: Unauthorized for url: https://contract.mexc.com/api/v1/private/position/change_leverage
2026-05-13 11:24:12 [INFO    ] main                   Leverage set: XAUT_USDT x 10
2026-05-13 11:24:13 [ERROR   ] mexc_client          POST /api/v1/private/position/change_leverage failed: 401 Client Error: Unauthorized for url: https://contract.mexc.com/api/v1/private/position/change_leverage
2026-05-13 11:24:14 [ERROR   ] mexc_client          POST /api/v1/private/position/change_leverage failed: 401 Client Error: Unauthorized for url: https://contract.mexc.com/api/v1/private/position/change_leverage
2026-05-13 11:24:14 [INFO    ] main                   Leverage set: SILVER_USDT x 10
2026-05-13 11:24:15 [ERROR   ] mexc_client          POST /api/v1/private/position/change_leverage failed: 401 Client Error: Unauthorized for url: https://contract.mexc.com/api/v1/private/position/change_leverage
2026-05-13 11:24:16 [ERROR   ] mexc_client          POST /api/v1/private/position/change_leverage failed: 401 Client Error: Unauthorized for url: https://contract.mexc.com/api/v1/private/position/change_leverage
2026-05-13 11:24:16 [INFO    ] main                   Leverage set: USOIL_USDT x 10
2026-05-13 11:24:16 [INFO    ] main                 Initializing AI models...
2026-05-13 11:24:16 [INFO    ] main                   Advanced AI trained: BTC_USDT
2026-05-13 11:24:17 [INFO    ] main                   Advanced AI trained: ETH_USDT
2026-05-13 11:24:17 [INFO    ] main                   Advanced AI trained: XAUT_USDT
2026-05-13 11:24:19 [INFO    ] main                   Advanced AI trained: SILVER_USDT
2026-05-13 11:24:21 [INFO    ] main                   Advanced AI trained: USOIL_USDT
2026-05-13 11:24:22 [INFO    ] mexc_client          WebSocket connected
2026-05-13 11:24:22 [INFO    ] mexc_client          WebSocket ready
2026-05-13 11:24:22 [INFO    ] main                 [OK] WebSocket live feed active
2026-05-13 11:24:22 [INFO    ] mexc_client          Subscribed to BTC_USDT
2026-05-13 11:24:22 [INFO    ] main                 [OK] Multi-exchange aggregator started (Binance, Coinbase)
2026-05-13 11:24:22 [INFO    ] mexc_client          Subscribed to ETH_USDT
2026-05-13 11:24:22 [INFO    ] mexc_client          Subscribed to XAUT_USDT
2026-05-13 11:24:22 [INFO    ] mexc_client          Subscribed to SILVER_USDT
2026-05-13 11:24:22 [INFO    ] mexc_client          Subscribed to USOIL_USDT
2026-05-13 11:24:23 [ERROR   ] mexc_client          GET /api/v1/private/account/assets failed: 401 Client Error: Unauthorized for url: https://contract.mexc.com/api/v1/private/account/assets
2026-05-13 11:24:23 [INFO    ] risk_manager         Daily reset | balance=100.00 USDT
2026-05-13 11:24:23 [INFO    ] main                 Starting balance: 100.00 USDT
2026-05-13 11:24:23 [INFO    ] main                 [RUN] Scalping loop started - AUTO-TRADING ACTIVE
2026-05-13 11:24:23 [INFO    ] main                 [DASHBOARD] Dashboard -> http://localhost:5000
2026-05-13 11:24:26 [INFO    ] main                 Evaluating BTC_USDT @ 81019.20
2026-05-13 11:24:26 [INFO    ] main                 Evaluating ETH_USDT @ 2300.72
2026-05-13 11:24:26 [INFO    ] main                 Evaluating XAUT_USDT @ 4701.30
2026-05-13 11:24:26 [INFO    ] main                 Evaluating SILVER_USDT @ 86.74
2026-05-13 11:24:26 [INFO    ] main                 Evaluating USOIL_USDT @ 97.61
2026-05-13 11:24:26 [INFO    ] strategy             USOIL_USDT: ENSEMBLE predicts HOLD conf=80.1% | Trend: -0.00%, Strong buy pressure
2026-05-13 11:24:29 [INFO    ] main                 Evaluating BTC_USDT @ 81021.10
2026-05-13 11:24:29 [INFO    ] main                 Evaluating ETH_USDT @ 2300.98
2026-05-13 11:24:29 [INFO    ] main                 Evaluating XAUT_USDT @ 4701.30
2026-05-13 11:24:29 [INFO    ] main                 Evaluating SILVER_USDT @ 86.74
2026-05-13 11:24:30 [INFO    ] main                 Evaluating USOIL_USDT @ 97.61
2026-05-13 11:24:30 [INFO    ] strategy             USOIL_USDT: ENSEMBLE predicts HOLD conf=80.1% | Trend: -0.00%, Strong buy pressure
2026-05-13 11:24:33 [INFO    ] main                 Evaluating BTC_USDT @ 81021.30
2026-05-13 11:24:33 [INFO    ] main                 Evaluating ETH_USDT @ 2300.97
2026-05-13 11:24:33 [INFO    ] main                 Evaluating XAUT_USDT @ 4701.50
2026-05-13 11:24:33 [INFO    ] main                 Evaluating SILVER_USDT @ 86.74
2026-05-13 11:24:33 [INFO    ] main                 Evaluating USOIL_USDT @ 97.61
2026-05-13 11:24:33 [INFO    ] strategy             USOIL_USDT: ENSEMBLE predicts HOLD conf=80.1% | Trend: -0.00%, Strong buy pressure
2026-05-13 11:24:36 [INFO    ] main                 Evaluating BTC_USDT @ 81021.30
2026-05-13 11:24:36 [INFO    ] main                 Evaluating ETH_USDT @ 2300.97
2026-05-13 11:24:36 [INFO    ] main                 Evaluating XAUT_USDT @ 4701.50
2026-05-13 11:24:36 [INFO    ] main                 Evaluating SILVER_USDT @ 86.74
2026-05-13 11:24:36 [INFO    ] main                 Evaluating USOIL_USDT @ 97.61
2026-05-13 11:24:36 [INFO    ] strategy             USOIL_USDT: ENSEMBLE predicts HOLD conf=80.3% | Trend: -0.00%, Strong buy pressure
2026-05-13 11:24:39 [INFO    ] main                 Evaluating BTC_USDT @ 81029.20
2026-05-13 11:24:39 [INFO    ] main                 Evaluating ETH_USDT @ 2301.40
2026-05-13 11:24:39 [INFO    ] main                 Evaluating XAUT_USDT @ 4701.30
2026-05-13 11:24:40 [INFO    ] main                 Evaluating SILVER_USDT @ 86.72
2026-05-13 11:24:40 [INFO    ] main                 Evaluating USOIL_USDT @ 97.63
2026-05-13 11:24:40 [INFO    ] strategy             USOIL_USDT: ENSEMBLE predicts HOLD conf=80.3% | Trend: -0.00%, Strong buy pressure
2026-05-13 11:24:43 [INFO    ] main                 Evaluating BTC_USDT @ 81029.10
2026-05-13 11:24:43 [INFO    ] main                 Evaluating ETH_USDT @ 2301.39
2026-05-13 11:24:43 [INFO    ] main                 Evaluating XAUT_USDT @ 4701.30
2026-05-13 11:24:43 [INFO    ] main                 Evaluating SILVER_USDT @ 86.72
2026-05-13 11:24:43 [INFO    ] main                 Evaluating USOIL_USDT @ 97.63
2026-05-13 11:24:43 [INFO    ] strategy             USOIL_USDT: ENSEMBLE predicts HOLD conf=80.3% | Trend: -0.00%, Strong buy pressure
2026-05-13 11:24:46 [INFO    ] main                 Evaluating BTC_USDT @ 81029.20
2026-05-13 11:24:46 [INFO    ] main                 Evaluating ETH_USDT @ 2301.43
2026-05-13 11:24:46 [INFO    ] main                 Evaluating XAUT_USDT @ 4701.00
2026-05-13 11:24:46 [INFO    ] main                 Evaluating SILVER_USDT @ 86.71
2026-05-13 11:24:46 [INFO    ] main                 Evaluating USOIL_USDT @ 97.63
2026-05-13 11:24:46 [INFO    ] strategy             USOIL_USDT: ENSEMBLE predicts HOLD conf=80.3% | Trend: -0.00%, Strong buy pressure
2026-05-13 11:24:49 [INFO    ] main                 Evaluating BTC_USDT @ 81029.10
2026-05-13 11:24:49 [INFO    ] main                 Evaluating ETH_USDT @ 2301.46
2026-05-13 11:24:50 [INFO    ] main                 Evaluating XAUT_USDT @ 4700.80
2026-05-13 11:24:50 [INFO    ] main                 Evaluating SILVER_USDT @ 86.70
2026-05-13 11:24:50 [INFO    ] main                 Evaluating USOIL_USDT @ 97.63
2026-05-13 11:24:50 [INFO    ] strategy             USOIL_USDT: ENSEMBLE predicts HOLD conf=80.3% | Trend: -0.00%, Strong buy pressure
2026-05-13 11:24:53 [INFO    ] main                 Evaluating BTC_USDT @ 81029.10
2026-05-13 11:24:53 [INFO    ] main                 Evaluating ETH_USDT @ 2301.46
2026-05-13 11:24:53 [INFO    ] main                 Evaluating XAUT_USDT @ 4700.80
2026-05-13 11:24:53 [INFO    ] main                 Evaluating SILVER_USDT @ 86.69
2026-05-13 11:24:53 [INFO    ] main                 Evaluating USOIL_USDT @ 97.62
2026-05-13 11:24:53 [INFO    ] strategy             USOIL_USDT: ENSEMBLE predicts HOLD conf=80.3% | Trend: -0.00%, Strong buy pressure
2026-05-13 11:24:56 [INFO    ] main                 Evaluating BTC_USDT @ 81029.20
2026-05-13 11:24:56 [INFO    ] main                 Evaluating ETH_USDT @ 2301.68
2026-05-13 11:24:56 [INFO    ] main                 Evaluating XAUT_USDT @ 4701.00
2026-05-13 11:24:56 [INFO    ] main                 Evaluating SILVER_USDT @ 86.67
2026-05-13 11:24:56 [INFO    ] main                 Evaluating USOIL_USDT @ 97.62
2026-05-13 11:24:57 [INFO    ] strategy             USOIL_USDT: ENSEMBLE predicts HOLD conf=80.3% | Trend: -0.00%, Strong buy pressure
2026-05-13 11:25:00 [INFO    ] main                 Evaluating BTC_USDT @ 81029.20
2026-05-13 11:25:00 [INFO    ] main                 Evaluating ETH_USDT @ 2301.68
2026-05-13 11:25:00 [INFO    ] main                 Evaluating XAUT_USDT @ 4700.60
2026-05-13 11:25:00 [INFO    ] main                 Evaluating SILVER_USDT @ 86.67
2026-05-13 11:25:00 [INFO    ] main                 Evaluating USOIL_USDT @ 97.63
2026-05-13 11:25:00 [INFO    ] strategy             USOIL_USDT: ENSEMBLE predicts HOLD conf=80.3% | Trend: -0.00%, Strong buy pressure
2026-05-13 11:25:03 [INFO    ] main                 Evaluating BTC_USDT @ 81029.20
2026-05-13 11:25:03 [INFO    ] main                 Evaluating ETH_USDT @ 2301.94
2026-05-13 11:25:03 [INFO    ] main                 Evaluating XAUT_USDT @ 4700.60
2026-05-13 11:25:03 [INFO    ] main                 Evaluating SILVER_USDT @ 86.66
2026-05-13 11:25:03 [INFO    ] main                 Evaluating USOIL_USDT @ 97.64
2026-05-13 11:25:03 [INFO    ] strategy             USOIL_USDT: ENSEMBLE predicts HOLD conf=80.3% | Trend: -0.00%, Strong buy pressure
2026-05-13 11:25:06 [INFO    ] main                 Evaluating BTC_USDT @ 81033.30
2026-05-13 11:25:06 [INFO    ] main                 Evaluating ETH_USDT @ 2301.83
2026-05-13 11:25:06 [INFO    ] main                 Evaluating XAUT_USDT @ 4700.30
2026-05-13 11:25:06 [INFO    ] strategy             XAUT_USDT: PREDICTIVE signal SELL strength=80% - Bearish ticks: 83% | Accelerating down | Sell pressure
2026-05-13 11:25:06 [INFO    ] main                 Evaluating SILVER_USDT @ 86.65
2026-05-13 11:25:07 [INFO    ] main                 Evaluating USOIL_USDT @ 97.63
2026-05-13 11:25:07 [INFO    ] strategy             USOIL_USDT: ENSEMBLE predicts HOLD conf=80.3% | Trend: -0.00%, Strong buy pressure
2026-05-13 11:25:10 [INFO    ] main                 Evaluating BTC_USDT @ 81033.30
2026-05-13 11:25:10 [INFO    ] main                 Evaluating ETH_USDT @ 2301.84
2026-05-13 11:25:10 [INFO    ] main                 Evaluating XAUT_USDT @ 4700.30
2026-05-13 11:25:10 [INFO    ] main                 Evaluating SILVER_USDT @ 86.64
2026-05-13 11:25:10 [INFO    ] main                 Evaluating USOIL_USDT @ 97.63
2026-05-13 11:25:10 [INFO    ] strategy             USOIL_USDT: ENSEMBLE predicts HOLD conf=80.3% | Trend: -0.00%, Strong buy pressure
2026-05-13 11:25:13 [INFO    ] main                 Evaluating BTC_USDT @ 81033.30
2026-05-13 11:25:13 [INFO    ] main                 Evaluating ETH_USDT @ 2301.84
2026-05-13 11:25:13 [INFO    ] main                 Evaluating XAUT_USDT @ 4700.50
2026-05-13 11:25:13 [INFO    ] main                 Evaluating SILVER_USDT @ 86.65
2026-05-13 11:25:13 [INFO    ] main                 Evaluating USOIL_USDT @ 97.61
2026-05-13 11:25:13 [INFO    ] strategy             USOIL_USDT: ENSEMBLE predicts HOLD conf=80.3% | Trend: -0.00%, Strong buy pressure
2026-05-13 11:25:16 [INFO    ] main                 Evaluating BTC_USDT @ 81034.40
2026-05-13 11:25:17 [INFO    ] main                 Evaluating ETH_USDT @ 2301.83
2026-05-13 11:25:17 [INFO    ] main                 Evaluating XAUT_USDT @ 4700.30
2026-05-13 11:25:17 [INFO    ] main                 Evaluating SILVER_USDT @ 86.64
2026-05-13 11:25:17 [INFO    ] strategy             SILVER_USDT: PREDICTIVE signal SELL strength=80% - Bearish ticks: 93% | Accelerating down | Sell pressure
2026-05-13 11:25:17 [INFO    ] main                 Evaluating USOIL_USDT @ 97.61
2026-05-13 11:25:17 [INFO    ] strategy             USOIL_USDT: ENSEMBLE predicts HOLD conf=80.3% | Trend: -0.00%, Strong buy pressure
2026-05-13 11:25:20 [INFO    ] main                 Evaluating BTC_USDT @ 81034.40
2026-05-13 11:25:20 [INFO    ] main                 Evaluating ETH_USDT @ 2301.83
2026-05-13 11:25:20 [INFO    ] main                 Evaluating XAUT_USDT @ 4700.50
2026-05-13 11:25:20 [INFO    ] main                 Evaluating SILVER_USDT @ 86.65
2026-05-13 11:25:20 [INFO    ] main                 Evaluating USOIL_USDT @ 97.62
2026-05-13 11:25:20 [INFO    ] strategy             USOIL_USDT: ENSEMBLE predicts HOLD conf=80.3% | Trend: -0.00%, Strong buy pressure
2026-05-13 11:25:22 [WARNING ] mexc_client          WebSocket closed: None None
2026-05-13 11:25:23 [INFO    ] main                 Evaluating BTC_USDT @ 81033.30
2026-05-13 11:25:23 [INFO    ] main                 Evaluating ETH_USDT @ 2301.80
2026-05-13 11:25:23 [INFO    ] main                 Evaluating XAUT_USDT @ 4700.70
2026-05-13 11:25:23 [INFO    ] main                 Evaluating SILVER_USDT @ 86.66
2026-05-13 11:25:23 [INFO    ] main                 Evaluating USOIL_USDT @ 97.62
2026-05-13 11:25:23 [INFO    ] strategy             USOIL_USDT: ENSEMBLE predicts HOLD conf=80.3% | Trend: -0.00%, Strong buy pressure
2026-05-13 11:25:26 [INFO    ] main                 Evaluating BTC_USDT @ 81033.30
2026-05-13 11:25:27 [INFO    ] main                 Evaluating ETH_USDT @ 2301.80
2026-05-13 11:25:27 [INFO    ] main                 Evaluating XAUT_USDT @ 4700.70
2026-05-13 11:25:27 [INFO    ] main                 Evaluating SILVER_USDT @ 86.66
2026-05-13 11:25:27 [INFO    ] main                 Evaluating USOIL_USDT @ 97.62
2026-05-13 11:25:27 [INFO    ] strategy             USOIL_USDT: ENSEMBLE predicts HOLD conf=80.3% | Trend: -0.00%, Strong buy pressure
2026-05-13 11:25:27 [INFO    ] mexc_client          Reconnecting WebSocket...
2026-05-13 11:25:28 [INFO    ] mexc_client          WebSocket connected
2026-05-13 11:25:28 [INFO    ] mexc_client          WebSocket ready
2026-05-13 11:25:28 [INFO    ] mexc_client          Subscribed to BTC_USDT
2026-05-13 11:25:28 [INFO    ] mexc_client          Subscribed to ETH_USDT
2026-05-13 11:25:28 [INFO    ] mexc_client          Subscribed to XAUT_USDT
2026-05-13 11:25:28 [INFO    ] mexc_client          Subscribed to SILVER_USDT
2026-05-13 11:25:28 [INFO    ] mexc_client          Subscribed to USOIL_USDT
2026-05-13 11:25:30 [INFO    ] main                 Evaluating BTC_USDT @ 81022.40
2026-05-13 11:25:30 [INFO    ] main                 Evaluating ETH_USDT @ 2301.68
2026-05-13 11:25:30 [INFO    ] main                 Evaluating XAUT_USDT @ 4700.80
2026-05-13 11:25:30 [INFO    ] main                 Evaluating SILVER_USDT @ 86.67
2026-05-13 11:25:30 [INFO    ] main                 Evaluating USOIL_USDT @ 97.62
2026-05-13 11:25:30 [INFO    ] strategy             USOIL_USDT: ENSEMBLE predicts HOLD conf=80.3% | Trend: -0.00%, Strong buy pressure
2026-05-13 11:25:33 [INFO    ] main                 Evaluating BTC_USDT @ 81022.40
2026-05-13 11:25:33 [INFO    ] main                 Evaluating ETH_USDT @ 2301.68
2026-05-13 11:25:33 [INFO    ] main                 Evaluating XAUT_USDT @ 4700.80
2026-05-13 11:25:33 [INFO    ] main                 Evaluating SILVER_USDT @ 86.67
2026-05-13 11:25:33 [INFO    ] main                 Evaluating USOIL_USDT @ 97.62
2026-05-13 11:25:34 [INFO    ] strategy             USOIL_USDT: ENSEMBLE predicts HOLD conf=78.4% | Trend: -0.00%, Strong buy pressure
2026-05-13 11:25:37 [INFO    ] main                 Evaluating BTC_USDT @ 81022.40
2026-05-13 11:25:37 [INFO    ] main                 Evaluating ETH_USDT @ 2301.63
2026-05-13 11:25:37 [INFO    ] main                 Evaluating XAUT_USDT @ 4700.80
2026-05-13 11:25:37 [INFO    ] main                 Evaluating SILVER_USDT @ 86.66
2026-05-13 11:25:37 [INFO    ] strategy             SILVER_USDT: PREDICTIVE signal SELL strength=80% - Bearish ticks: 81% | Accelerating down | Sell pressure
2026-05-13 11:25:37 [INFO    ] main                 Evaluating USOIL_USDT @ 97.64
2026-05-13 11:25:37 [INFO    ] strategy             USOIL_USDT: ENSEMBLE predicts HOLD conf=78.4% | Trend: -0.00%, Strong buy pressure
2026-05-13 11:25:40 [INFO    ] main                 Evaluating BTC_USDT @ 81023.40
2026-05-13 11:25:40 [INFO    ] main                 Evaluating ETH_USDT @ 2301.74
2026-05-13 11:25:40 [INFO    ] main                 Evaluating XAUT_USDT @ 4700.80
2026-05-13 11:25:40 [INFO    ] main                 Evaluating SILVER_USDT @ 86.67
2026-05-13 11:25:40 [INFO    ] main                 Evaluating USOIL_USDT @ 97.61
2026-05-13 11:25:40 [INFO    ] strategy             USOIL_USDT: ENSEMBLE predicts HOLD conf=78.4% | Trend: -0.00%, Strong buy pressure
2026-05-13 11:25:43 [INFO    ] main                 Evaluating BTC_USDT @ 81023.50
2026-05-13 11:25:43 [INFO    ] main                 Evaluating ETH_USDT @ 2301.74
2026-05-13 11:25:43 [INFO    ] main                 Evaluating XAUT_USDT @ 4700.80
2026-05-13 11:25:43 [INFO    ] main                 Evaluating SILVER_USDT @ 86.67
2026-05-13 11:25:44 [INFO    ] main                 Evaluating USOIL_USDT @ 97.61
2026-05-13 11:25:44 [INFO    ] strategy             USOIL_USDT: ENSEMBLE predicts HOLD conf=78.4% | Trend: -0.00%, Strong buy pressure
2026-05-13 11:25:47 [INFO    ] main                 Evaluating BTC_USDT @ 81025.30
2026-05-13 11:25:47 [INFO    ] strategy             BTC_USDT: ARBITRAGE signal BUY strength=63% - Arbitrage: External exchanges +0.052% vs MEXC
2026-05-13 11:25:47 [INFO    ] main                 Evaluating ETH_USDT @ 2301.79
2026-05-13 11:25:47 [INFO    ] main                 Evaluating XAUT_USDT @ 4700.80
2026-05-13 11:25:47 [INFO    ] main                 Evaluating SILVER_USDT @ 86.67
2026-05-13 11:25:47 [INFO    ] strategy             SILVER_USDT: PREDICTIVE signal SELL strength=80% - Bearish ticks: 79% | Accelerating down | Sell pressure
2026-05-13 11:25:47 [INFO    ] main                 Evaluating USOIL_USDT @ 97.64
2026-05-13 11:25:47 [INFO    ] strategy             USOIL_USDT: ENSEMBLE predicts HOLD conf=78.4% | Trend: -0.00%, Strong buy pressure
2026-05-13 11:25:50 [INFO    ] main                 Evaluating BTC_USDT @ 81043.20
2026-05-13 11:25:50 [INFO    ] main                 Evaluating ETH_USDT @ 2302.07
2026-05-13 11:25:50 [INFO    ] main                 Evaluating XAUT_USDT @ 4700.60
2026-05-13 11:25:50 [INFO    ] main                 Evaluating SILVER_USDT @ 86.67
2026-05-13 11:25:50 [INFO    ] main                 Evaluating USOIL_USDT @ 97.64
2026-05-13 11:25:50 [INFO    ] strategy             USOIL_USDT: ENSEMBLE predicts HOLD conf=78.4% | Trend: -0.00%, Strong buy pressure
2026-05-13 11:25:53 [INFO    ] main                 Evaluating BTC_USDT @ 81043.40
2026-05-13 11:25:54 [INFO    ] main                 Evaluating ETH_USDT @ 2302.29
2026-05-13 11:25:54 [INFO    ] main                 Evaluating XAUT_USDT @ 4701.20
2026-05-13 11:25:54 [INFO    ] main                 Evaluating SILVER_USDT @ 86.70
2026-05-13 11:25:54 [INFO    ] main                 Evaluating USOIL_USDT @ 97.64
2026-05-13 11:25:54 [INFO    ] strategy             USOIL_USDT: ENSEMBLE predicts HOLD conf=79.1% | Trend: -0.00%, Strong buy pressure
2026-05-13 11:25:57 [INFO    ] main                 Evaluating BTC_USDT @ 81043.40
2026-05-13 11:25:57 [INFO    ] main                 Evaluating ETH_USDT @ 2302.29
2026-05-13 11:25:57 [INFO    ] main                 Evaluating XAUT_USDT @ 4701.20
2026-05-13 11:25:57 [INFO    ] main                 Evaluating SILVER_USDT @ 86.70
2026-05-13 11:25:57 [INFO    ] strategy             SILVER_USDT: PREDICTIVE signal SELL strength=80% - Bearish ticks: 78% | Accelerating down | Sell pressure
2026-05-13 11:25:57 [INFO    ] main                 Evaluating USOIL_USDT @ 97.64
2026-05-13 11:26:00 [INFO    ] main                 Evaluating BTC_USDT @ 81051.90
2026-05-13 11:26:00 [INFO    ] main                 Evaluating ETH_USDT @ 2302.58
2026-05-13 11:26:00 [INFO    ] main                 Evaluating XAUT_USDT @ 4701.50
2026-05-13 11:26:00 [INFO    ] main                 Evaluating SILVER_USDT @ 86.72
2026-05-13 11:26:00 [INFO    ] main                 Evaluating USOIL_USDT @ 97.50
2026-05-13 11:26:03 [INFO    ] main                 Evaluating BTC_USDT @ 81058.00
2026-05-13 11:26:03 [INFO    ] main                 Evaluating ETH_USDT @ 2302.62
2026-05-13 11:26:04 [INFO    ] main                 Evaluating XAUT_USDT @ 4701.50
2026-05-13 11:26:04 [INFO    ] main                 Evaluating SILVER_USDT @ 86.74
2026-05-13 11:26:04 [INFO    ] main                 Evaluating USOIL_USDT @ 97.52
2026-05-13 11:26:07 [INFO    ] main                 Evaluating BTC_USDT @ 81058.40
2026-05-13 11:26:07 [INFO    ] main                 Evaluating ETH_USDT @ 2302.72
2026-05-13 11:26:07 [INFO    ] main                 Evaluating XAUT_USDT @ 4701.40
2026-05-13 11:26:07 [INFO    ] main                 Evaluating SILVER_USDT @ 86.72
2026-05-13 11:26:07 [INFO    ] strategy             SILVER_USDT: PREDICTIVE signal SELL strength=80% - Bearish ticks: 73% | Accelerating down | Sell pressure
2026-05-13 11:26:07 [INFO    ] main                 Evaluating USOIL_USDT @ 97.52
2026-05-13 11:26:10 [INFO    ] main                 Evaluating BTC_USDT @ 81058.80
2026-05-13 11:26:10 [INFO    ] main                 Evaluating ETH_USDT @ 2302.72
2026-05-13 11:26:10 [INFO    ] main                 Evaluating XAUT_USDT @ 4701.40
2026-05-13 11:26:10 [INFO    ] main                 Evaluating SILVER_USDT @ 86.70
2026-05-13 11:26:10 [INFO    ] strategy             SILVER_USDT: PREDICTIVE signal SELL strength=80% - Bearish ticks: 74% | Accelerating down | Sell pressure
2026-05-13 11:26:10 [INFO    ] main                 Evaluating USOIL_USDT @ 97.52
2026-05-13 11:26:13 [INFO    ] main                 Evaluating BTC_USDT @ 81050.00
2026-05-13 11:26:13 [INFO    ] main                 Evaluating ETH_USDT @ 2302.60
2026-05-13 11:26:13 [INFO    ] main                 Evaluating XAUT_USDT @ 4701.50
2026-05-13 11:26:13 [INFO    ] main                 Evaluating SILVER_USDT @ 86.70
2026-05-13 11:26:14 [INFO    ] main                 Evaluating USOIL_USDT @ 97.53
2026-05-13 11:26:17 [INFO    ] main                 Evaluating BTC_USDT @ 81048.90
2026-05-13 11:26:17 [INFO    ] main                 Evaluating ETH_USDT @ 2302.38
2026-05-13 11:26:17 [INFO    ] main                 Evaluating XAUT_USDT @ 4701.20
2026-05-13 11:26:17 [INFO    ] main                 Evaluating SILVER_USDT @ 86.68
2026-05-13 11:26:17 [INFO    ] strategy             SILVER_USDT: PREDICTIVE signal SELL strength=80% - Bearish ticks: 76% | Accelerating down | Sell pressure
2026-05-13 11:26:17 [INFO    ] main                 Evaluating USOIL_USDT @ 97.55
2026-05-13 11:26:18 [INFO    ] main                 [START] Bot STARTED by dashboard
2026-05-13 11:26:20 [INFO    ] main                 Evaluating BTC_USDT @ 81044.00
2026-05-13 11:26:20 [INFO    ] main                 Evaluating ETH_USDT @ 2302.38
2026-05-13 11:26:20 [INFO    ] main                 Evaluating XAUT_USDT @ 4701.10
2026-05-13 11:26:20 [INFO    ] main                 Evaluating SILVER_USDT @ 86.66
2026-05-13 11:26:20 [INFO    ] strategy             SILVER_USDT: PREDICTIVE signal SELL strength=80% - Bearish ticks: 76% | Accelerating down | Sell pressure
2026-05-13 11:26:20 [INFO    ] main                 Evaluating USOIL_USDT @ 97.55
2026-05-13 11:26:23 [INFO    ] main                 Evaluating BTC_USDT @ 81044.00
2026-05-13 11:26:23 [INFO    ] main                 Evaluating ETH_USDT @ 2302.38
2026-05-13 11:26:23 [INFO    ] main                 Evaluating XAUT_USDT @ 4701.10
2026-05-13 11:26:23 [INFO    ] main                 Evaluating SILVER_USDT @ 86.66
2026-05-13 11:26:24 [INFO    ] main                 Evaluating USOIL_USDT @ 97.55
2026-05-13 11:26:27 [INFO    ] main                 Evaluating BTC_USDT @ 81044.00
2026-05-13 11:26:27 [INFO    ] main                 Evaluating ETH_USDT @ 2302.37
2026-05-13 11:26:27 [INFO    ] main                 Evaluating XAUT_USDT @ 4700.90
2026-05-13 11:26:27 [INFO    ] main                 Evaluating SILVER_USDT @ 86.67
2026-05-13 11:26:27 [INFO    ] main                 Evaluating USOIL_USDT @ 97.56
2026-05-13 11:26:30 [INFO    ] main                 Evaluating BTC_USDT @ 81041.00
2026-05-13 11:26:30 [INFO    ] main                 Evaluating ETH_USDT @ 2302.17
2026-05-13 11:26:30 [INFO    ] main                 Evaluating XAUT_USDT @ 4700.90
2026-05-13 11:26:30 [INFO    ] main                 Evaluating SILVER_USDT @ 86.67
2026-05-13 11:26:30 [INFO    ] main                 Evaluating USOIL_USDT @ 97.56
2026-05-13 11:26:32 [WARNING ] mexc_client          WebSocket closed: None None
2026-05-13 11:26:33 [INFO    ] main                 Evaluating BTC_USDT @ 81039.50
2026-05-13 11:26:33 [INFO    ] main                 Evaluating ETH_USDT @ 2302.01
2026-05-13 11:26:33 [INFO    ] main                 Evaluating XAUT_USDT @ 4700.60
2026-05-13 11:26:33 [INFO    ] main                 Evaluating SILVER_USDT @ 86.66
2026-05-13 11:26:33 [INFO    ] main                 Evaluating USOIL_USDT @ 97.56
2026-05-13 11:26:36 [INFO    ] main                 Evaluating BTC_USDT @ 81039.50
2026-05-13 11:26:36 [INFO    ] main                 Evaluating ETH_USDT @ 2302.01
2026-05-13 11:26:37 [INFO    ] main                 Evaluating XAUT_USDT @ 4700.60
2026-05-13 11:26:37 [INFO    ] main                 Evaluating SILVER_USDT @ 86.66
2026-05-13 11:26:37 [INFO    ] main                 Evaluating USOIL_USDT @ 97.56
2026-05-13 11:26:37 [INFO    ] mexc_client          Reconnecting WebSocket...
2026-05-13 11:26:38 [INFO    ] mexc_client          WebSocket connected
2026-05-13 11:26:38 [INFO    ] mexc_client          WebSocket ready
2026-05-13 11:26:38 [INFO    ] mexc_client          Subscribed to BTC_USDT
2026-05-13 11:26:38 [INFO    ] mexc_client          Subscribed to ETH_USDT
2026-05-13 11:26:38 [INFO    ] mexc_client          Subscribed to XAUT_USDT
2026-05-13 11:26:38 [INFO    ] mexc_client          Subscribed to SILVER_USDT
2026-05-13 11:26:38 [INFO    ] mexc_client          Subscribed to USOIL_USDT
2026-05-13 11:26:40 [INFO    ] main                 Evaluating BTC_USDT @ 81027.20
2026-05-13 11:26:40 [INFO    ] main                 Evaluating ETH_USDT @ 2301.75
2026-05-13 11:26:40 [INFO    ] main                 Evaluating XAUT_USDT @ 4700.30
2026-05-13 11:26:40 [INFO    ] main                 Evaluating SILVER_USDT @ 86.68
2026-05-13 11:26:40 [INFO    ] main                 Evaluating USOIL_USDT @ 97.57
2026-05-13 11:26:43 [INFO    ] main                 Evaluating BTC_USDT @ 81026.70
2026-05-13 11:26:43 [INFO    ] main                 Evaluating ETH_USDT @ 2301.74
2026-05-13 11:26:43 [INFO    ] main                 Evaluating XAUT_USDT @ 4700.30
2026-05-13 11:26:43 [INFO    ] main                 Evaluating SILVER_USDT @ 86.68
2026-05-13 11:26:43 [INFO    ] main                 Evaluating USOIL_USDT @ 97.57
2026-05-13 11:26:43 [INFO    ] strategy             USOIL_USDT: ENSEMBLE predicts HOLD conf=79.1% | Trend: -0.00%, Strong buy pressure
2026-05-13 11:26:46 [INFO    ] main                 Evaluating BTC_USDT @ 81026.70
2026-05-13 11:26:46 [INFO    ] main                 Evaluating ETH_USDT @ 2301.74
2026-05-13 11:26:46 [INFO    ] main                 Evaluating XAUT_USDT @ 4700.10
2026-05-13 11:26:47 [INFO    ] main                 Evaluating SILVER_USDT @ 86.68
2026-05-13 11:26:47 [INFO    ] main                 Evaluating USOIL_USDT @ 97.58
2026-05-13 11:26:47 [INFO    ] strategy             USOIL_USDT: ENSEMBLE predicts HOLD conf=79.1% | Trend: -0.00%, Strong buy pressure
2026-05-13 11:26:50 [INFO    ] main                 Evaluating BTC_USDT @ 81026.80
2026-05-13 11:26:50 [INFO    ] main                 Evaluating ETH_USDT @ 2301.74
2026-05-13 11:26:50 [INFO    ] main                 Evaluating XAUT_USDT @ 4700.20
2026-05-13 11:26:50 [INFO    ] main                 Evaluating SILVER_USDT @ 86.67
2026-05-13 11:26:50 [INFO    ] main                 Evaluating USOIL_USDT @ 97.58
2026-05-13 11:26:50 [INFO    ] strategy             USOIL_USDT: ENSEMBLE predicts HOLD conf=79.1% | Trend: -0.00%, Strong buy pressure
2026-05-13 11:26:53 [INFO    ] main                 Evaluating BTC_USDT @ 81026.70
2026-05-13 11:26:53 [INFO    ] main                 Evaluating ETH_USDT @ 2301.75
2026-05-13 11:26:53 [INFO    ] main                 Evaluating XAUT_USDT @ 4700.30
2026-05-13 11:26:53 [INFO    ] main                 Evaluating SILVER_USDT @ 86.67
2026-05-13 11:26:53 [INFO    ] main                 Evaluating USOIL_USDT @ 97.58
2026-05-13 11:26:53 [INFO    ] strategy             USOIL_USDT: ENSEMBLE predicts HOLD conf=79.1% | Trend: -0.00%, Strong buy pressure
2026-05-13 11:26:57 [INFO    ] main                 Evaluating BTC_USDT @ 81026.70
2026-05-13 11:26:57 [INFO    ] main                 Evaluating ETH_USDT @ 2301.74
2026-05-13 11:26:57 [INFO    ] main                 Evaluating XAUT_USDT @ 4700.30
2026-05-13 11:26:57 [INFO    ] main                 Evaluating SILVER_USDT @ 86.67
2026-05-13 11:26:57 [INFO    ] main                 Evaluating USOIL_USDT @ 97.58
2026-05-13 11:27:00 [INFO    ] main                 Evaluating BTC_USDT @ 81026.70
2026-05-13 11:27:00 [INFO    ] main                 Evaluating ETH_USDT @ 2301.74
2026-05-13 11:27:00 [INFO    ] main                 Evaluating XAUT_USDT @ 4700.30
2026-05-13 11:27:00 [INFO    ] main                 Evaluating SILVER_USDT @ 86.67
2026-05-13 11:27:00 [INFO    ] main                 Evaluating USOIL_USDT @ 97.58
2026-05-13 11:27:03 [INFO    ] main                 Evaluating BTC_USDT @ 81026.80
2026-05-13 11:27:03 [INFO    ] main                 Evaluating ETH_USDT @ 2301.75
2026-05-13 11:27:03 [INFO    ] main                 Evaluating XAUT_USDT @ 4699.50
2026-05-13 11:27:03 [INFO    ] strategy             XAUT_USDT: ARBITRAGE signal BUY strength=64% - Arbitrage: External exchanges +0.054% vs MEXC
2026-05-13 11:27:03 [INFO    ] main                 Evaluating SILVER_USDT @ 86.65
2026-05-13 11:27:03 [INFO    ] main                 Evaluating USOIL_USDT @ 97.57
2026-05-13 11:27:06 [INFO    ] main                 Evaluating BTC_USDT @ 81026.70
2026-05-13 11:27:06 [INFO    ] main                 Evaluating ETH_USDT @ 2301.83
2026-05-13 11:27:06 [INFO    ] main                 Evaluating XAUT_USDT @ 4699.80
2026-05-13 11:27:07 [INFO    ] main                 Evaluating SILVER_USDT @ 86.68
2026-05-13 11:27:07 [INFO    ] main                 Evaluating USOIL_USDT @ 97.57
2026-05-13 11:27:10 [INFO    ] main                 Evaluating BTC_USDT @ 81026.70
2026-05-13 11:27:10 [INFO    ] main                 Evaluating ETH_USDT @ 2301.83
2026-05-13 11:27:10 [INFO    ] main                 Evaluating XAUT_USDT @ 4699.60
2026-05-13 11:27:10 [INFO    ] main                 Evaluating SILVER_USDT @ 86.67
2026-05-13 11:27:10 [INFO    ] main                 Evaluating USOIL_USDT @ 97.57
2026-05-13 11:27:13 [INFO    ] main                 Evaluating BTC_USDT @ 81026.80
2026-05-13 11:27:13 [INFO    ] main                 Evaluating ETH_USDT @ 2301.83
2026-05-13 11:27:13 [INFO    ] main                 Evaluating XAUT_USDT @ 4699.80
2026-05-13 11:27:13 [INFO    ] main                 Evaluating SILVER_USDT @ 86.67
2026-05-13 11:27:13 [INFO    ] main                 Evaluating USOIL_USDT @ 97.57
2026-05-13 11:27:16 [INFO    ] main                 Evaluating BTC_USDT @ 81026.80
2026-05-13 11:27:16 [INFO    ] main                 Evaluating ETH_USDT @ 2301.83
2026-05-13 11:27:16 [INFO    ] main                 Evaluating XAUT_USDT @ 4699.80
2026-05-13 11:27:16 [INFO    ] main                 Evaluating SILVER_USDT @ 86.68
2026-05-13 11:27:16 [INFO    ] main                 Evaluating USOIL_USDT @ 97.56
2026-05-13 11:27:20 [INFO    ] main                 Evaluating BTC_USDT @ 81026.80
2026-05-13 11:27:20 [INFO    ] main                 Evaluating ETH_USDT @ 2301.84
2026-05-13 11:27:20 [INFO    ] main                 Evaluating XAUT_USDT @ 4699.60
2026-05-13 11:27:20 [INFO    ] main                 Evaluating SILVER_USDT @ 86.69
2026-05-13 11:27:20 [INFO    ] main                 Evaluating USOIL_USDT @ 97.56
2026-05-13 11:27:23 [INFO    ] main                 Evaluating BTC_USDT @ 81026.70
2026-05-13 11:27:23 [INFO    ] main                 Evaluating ETH_USDT @ 2301.74
2026-05-13 11:27:23 [INFO    ] main                 Evaluating XAUT_USDT @ 4699.80
2026-05-13 11:27:23 [INFO    ] main                 Evaluating SILVER_USDT @ 86.69
2026-05-13 11:27:23 [INFO    ] main                 Evaluating USOIL_USDT @ 97.56
2026-05-13 11:27:26 [INFO    ] main                 Evaluating BTC_USDT @ 81026.80
2026-05-13 11:27:26 [INFO    ] main                 Evaluating ETH_USDT @ 2301.74
2026-05-13 11:27:26 [INFO    ] main                 Evaluating XAUT_USDT @ 4699.60
2026-05-13 11:27:26 [INFO    ] main                 Evaluating SILVER_USDT @ 86.69
2026-05-13 11:27:27 [INFO    ] main                 Evaluating USOIL_USDT @ 97.55
2026-05-13 11:27:27 [INFO    ] strategy             USOIL_USDT: ENSEMBLE predicts HOLD conf=79.1% | Trend: -0.00%, Strong buy pressure
2026-05-13 11:27:30 [INFO    ] main                 Evaluating BTC_USDT @ 81026.70
2026-05-13 11:27:30 [INFO    ] main                 Evaluating ETH_USDT @ 2301.75
2026-05-13 11:27:30 [INFO    ] main                 Evaluating XAUT_USDT @ 4699.20
2026-05-13 11:27:30 [INFO    ] main                 Evaluating SILVER_USDT @ 86.68
2026-05-13 11:27:30 [INFO    ] main                 Evaluating USOIL_USDT @ 97.59
2026-05-13 11:27:30 [INFO    ] strategy             USOIL_USDT: ENSEMBLE predicts HOLD conf=79.1% | Trend: -0.00%, Strong buy pressure
2026-05-13 11:27:33 [INFO    ] main                 Evaluating BTC_USDT @ 81026.70
2026-05-13 11:27:33 [INFO    ] main                 Evaluating ETH_USDT @ 2301.74
2026-05-13 11:27:33 [INFO    ] main                 Evaluating XAUT_USDT @ 4699.20
2026-05-13 11:27:33 [INFO    ] main                 Evaluating SILVER_USDT @ 86.67
2026-05-13 11:27:33 [INFO    ] main                 Evaluating USOIL_USDT @ 97.59
2026-05-13 11:27:33 [INFO    ] strategy             USOIL_USDT: ENSEMBLE predicts HOLD conf=79.1% | Trend: -0.00%, Strong buy pressure
2026-05-13 11:27:36 [INFO    ] main                 Evaluating BTC_USDT @ 81026.70
2026-05-13 11:27:37 [INFO    ] main                 Evaluating ETH_USDT @ 2301.74
2026-05-13 11:27:37 [INFO    ] main                 Evaluating XAUT_USDT @ 4699.20
2026-05-13 11:27:37 [INFO    ] main                 Evaluating SILVER_USDT @ 86.67
2026-05-13 11:27:37 [INFO    ] main                 Evaluating USOIL_USDT @ 97.59
2026-05-13 11:27:37 [INFO    ] strategy             USOIL_USDT: ENSEMBLE predicts HOLD conf=79.1% | Trend: -0.00%, Strong buy pressure
2026-05-13 11:27:38 [WARNING ] mexc_client          WebSocket closed: None None
2026-05-13 11:27:40 [INFO    ] main                 Evaluating BTC_USDT @ 81026.70
2026-05-13 11:27:40 [INFO    ] main                 Evaluating ETH_USDT @ 2301.50
2026-05-13 11:27:40 [INFO    ] main                 Evaluating XAUT_USDT @ 4699.20
2026-05-13 11:27:40 [INFO    ] main                 Evaluating SILVER_USDT @ 86.67
2026-05-13 11:27:40 [INFO    ] main                 Evaluating USOIL_USDT @ 97.59
2026-05-13 11:27:40 [INFO    ] strategy             USOIL_USDT: ENSEMBLE predicts HOLD conf=79.1% | Trend: -0.00%, Strong buy pressure
2026-05-13 11:27:43 [INFO    ] main                 Evaluating BTC_USDT @ 81026.70
2026-05-13 11:27:43 [INFO    ] main                 Evaluating ETH_USDT @ 2301.50
2026-05-13 11:27:43 [INFO    ] main                 Evaluating XAUT_USDT @ 4699.20
2026-05-13 11:27:43 [INFO    ] main                 Evaluating SILVER_USDT @ 86.67
2026-05-13 11:27:43 [INFO    ] main                 Evaluating USOIL_USDT @ 97.59
2026-05-13 11:27:43 [INFO    ] mexc_client          Reconnecting WebSocket...
2026-05-13 11:27:44 [INFO    ] strategy             USOIL_USDT: ENSEMBLE predicts HOLD conf=79.1% | Trend: -0.00%, Strong buy pressure
2026-05-13 11:27:44 [INFO    ] mexc_client          WebSocket connected
2026-05-13 11:27:44 [INFO    ] mexc_client          WebSocket ready
2026-05-13 11:27:44 [INFO    ] mexc_client          Subscribed to BTC_USDT
2026-05-13 11:27:44 [INFO    ] mexc_client          Subscribed to ETH_USDT
2026-05-13 11:27:44 [INFO    ] mexc_client          Subscribed to XAUT_USDT
2026-05-13 11:27:44 [INFO    ] mexc_client          Subscribed to SILVER_USDT
2026-05-13 11:27:44 [INFO    ] mexc_client          Subscribed to USOIL_USDT
2026-05-13 11:27:47 [INFO    ] main                 Evaluating BTC_USDT @ 81021.10
2026-05-13 11:27:47 [INFO    ] main                 Evaluating ETH_USDT @ 2301.30
2026-05-13 11:27:47 [INFO    ] main                 Evaluating XAUT_USDT @ 4699.20
2026-05-13 11:27:47 [INFO    ] main                 Evaluating SILVER_USDT @ 86.66
2026-05-13 11:27:47 [INFO    ] main                 Evaluating USOIL_USDT @ 97.59
2026-05-13 11:27:47 [INFO    ] strategy             USOIL_USDT: ENSEMBLE predicts HOLD conf=79.1% | Trend: -0.00%, Strong buy pressure
2026-05-13 11:27:50 [INFO    ] main                 Evaluating BTC_USDT @ 81021.00
2026-05-13 11:27:50 [INFO    ] main                 Evaluating ETH_USDT @ 2301.02
2026-05-13 11:27:50 [INFO    ] main                 Evaluating XAUT_USDT @ 4699.20
2026-05-13 11:27:50 [INFO    ] main                 Evaluating SILVER_USDT @ 86.65
2026-05-13 11:27:50 [INFO    ] main                 Evaluating USOIL_USDT @ 97.62
2026-05-13 11:27:50 [INFO    ] strategy             USOIL_USDT: ENSEMBLE predicts HOLD conf=79.1% | Trend: -0.00%, Strong buy pressure
2026-05-13 11:27:53 [INFO    ] main                 Evaluating BTC_USDT @ 81021.00
2026-05-13 11:27:53 [INFO    ] main                 Evaluating ETH_USDT @ 2301.00
2026-05-13 11:27:54 [INFO    ] main                 Evaluating XAUT_USDT @ 4699.00
2026-05-13 11:27:54 [INFO    ] strategy             XAUT_USDT: ARBITRAGE signal BUY strength=63% - Arbitrage: External exchanges +0.052% vs MEXC
2026-05-13 11:27:54 [INFO    ] main                 Evaluating SILVER_USDT @ 86.66
2026-05-13 11:27:54 [INFO    ] main                 Evaluating USOIL_USDT @ 97.62
2026-05-13 11:27:57 [INFO    ] main                 Evaluating BTC_USDT @ 81019.90
2026-05-13 11:27:57 [INFO    ] main                 Evaluating ETH_USDT @ 2300.97
2026-05-13 11:27:57 [INFO    ] main                 Evaluating XAUT_USDT @ 4699.00
2026-05-13 11:27:57 [INFO    ] strategy             XAUT_USDT: ARBITRAGE signal BUY strength=63% - Arbitrage: External exchanges +0.053% vs MEXC
2026-05-13 11:27:57 [INFO    ] main                 Evaluating SILVER_USDT @ 86.66
2026-05-13 11:27:57 [INFO    ] main                 Evaluating USOIL_USDT @ 97.62
2026-05-13 11:28:00 [INFO    ] main                 Evaluating BTC_USDT @ 81019.90
2026-05-13 11:28:00 [INFO    ] main                 Evaluating ETH_USDT @ 2300.97
2026-05-13 11:28:00 [INFO    ] main                 Evaluating XAUT_USDT @ 4699.00
2026-05-13 11:28:00 [INFO    ] strategy             XAUT_USDT: ARBITRAGE signal BUY strength=63% - Arbitrage: External exchanges +0.053% vs MEXC
2026-05-13 11:28:00 [INFO    ] main                 Evaluating SILVER_USDT @ 86.66
2026-05-13 11:28:00 [INFO    ] main                 Evaluating USOIL_USDT @ 97.62
2026-05-13 11:28:04 [INFO    ] main                 Evaluating BTC_USDT @ 81020.00
2026-05-13 11:28:04 [INFO    ] main                 Evaluating ETH_USDT @ 2300.97
2026-05-13 11:28:04 [INFO    ] main                 Evaluating XAUT_USDT @ 4699.20
2026-05-13 11:28:04 [INFO    ] main                 Evaluating SILVER_USDT @ 86.67
2026-05-13 11:28:04 [INFO    ] main                 Evaluating USOIL_USDT @ 97.62
2026-05-13 11:28:07 [INFO    ] main                 Evaluating BTC_USDT @ 81019.70
2026-05-13 11:28:07 [INFO    ] main                 Evaluating ETH_USDT @ 2300.97
2026-05-13 11:28:07 [INFO    ] main                 Evaluating XAUT_USDT @ 4699.20
2026-05-13 11:28:07 [INFO    ] main                 Evaluating SILVER_USDT @ 86.66
2026-05-13 11:28:07 [INFO    ] main                 Evaluating USOIL_USDT @ 97.58
2026-05-13 11:28:10 [INFO    ] main                 Evaluating BTC_USDT @ 81019.00
2026-05-13 11:28:10 [INFO    ] main                 Evaluating ETH_USDT @ 2300.98
2026-05-13 11:28:10 [INFO    ] main                 Evaluating XAUT_USDT @ 4699.70
2026-05-13 11:28:10 [INFO    ] main                 Evaluating SILVER_USDT @ 86.67
2026-05-13 11:28:10 [INFO    ] main                 Evaluating USOIL_USDT @ 97.58
2026-05-13 11:28:13 [INFO    ] main                 Evaluating BTC_USDT @ 81019.10
2026-05-13 11:28:13 [INFO    ] main                 Evaluating ETH_USDT @ 2300.97
2026-05-13 11:28:14 [INFO    ] main                 Evaluating XAUT_USDT @ 4699.70
2026-05-13 11:28:14 [INFO    ] main                 Evaluating SILVER_USDT @ 86.67
2026-05-13 11:28:14 [INFO    ] main                 Evaluating USOIL_USDT @ 97.56
2026-05-13 11:28:17 [INFO    ] main                 Evaluating BTC_USDT @ 81019.00
2026-05-13 11:28:17 [INFO    ] main                 Evaluating ETH_USDT @ 2300.97
2026-05-13 11:28:17 [INFO    ] main                 Evaluating XAUT_USDT @ 4700.00
2026-05-13 11:28:17 [INFO    ] main                 Evaluating SILVER_USDT @ 86.69
2026-05-13 11:28:17 [INFO    ] main                 Evaluating USOIL_USDT @ 97.56
2026-05-13 11:28:20 [INFO    ] main                 Evaluating BTC_USDT @ 81021.00
2026-05-13 11:28:20 [INFO    ] main                 Evaluating ETH_USDT @ 2300.98
2026-05-13 11:28:20 [INFO    ] main                 Evaluating XAUT_USDT @ 4700.00
2026-05-13 11:28:20 [INFO    ] main                 Evaluating SILVER_USDT @ 86.71
2026-05-13 11:28:20 [INFO    ] main                 Evaluating USOIL_USDT @ 97.55
2026-05-13 11:28:23 [INFO    ] main                 Evaluating BTC_USDT @ 81021.00
2026-05-13 11:28:23 [INFO    ] main                 Evaluating ETH_USDT @ 2300.98
2026-05-13 11:28:23 [INFO    ] main                 Evaluating XAUT_USDT @ 4700.20
2026-05-13 11:28:24 [INFO    ] main                 Evaluating SILVER_USDT @ 86.71
2026-05-13 11:28:24 [INFO    ] main                 Evaluating USOIL_USDT @ 97.55
2026-05-13 11:28:27 [INFO    ] main                 Evaluating BTC_USDT @ 81020.90
2026-05-13 11:28:27 [INFO    ] main                 Evaluating ETH_USDT @ 2300.97
2026-05-13 11:28:27 [INFO    ] main                 Evaluating XAUT_USDT @ 4700.00
2026-05-13 11:28:27 [INFO    ] main                 Evaluating SILVER_USDT @ 86.69
2026-05-13 11:28:27 [INFO    ] main                 Evaluating USOIL_USDT @ 97.55
2026-05-13 11:28:30 [INFO    ] main                 Evaluating BTC_USDT @ 81020.30
2026-05-13 11:28:30 [INFO    ] main                 Evaluating ETH_USDT @ 2300.97
2026-05-13 11:28:30 [INFO    ] main                 Evaluating XAUT_USDT @ 4700.30
2026-05-13 11:28:30 [INFO    ] main                 Evaluating SILVER_USDT @ 86.67
2026-05-13 11:28:30 [INFO    ] main                 Evaluating USOIL_USDT @ 97.57
2026-05-13 11:28:33 [INFO    ] main                 Evaluating BTC_USDT @ 81019.80
2026-05-13 11:28:33 [INFO    ] main                 Evaluating ETH_USDT @ 2300.96
2026-05-13 11:28:33 [INFO    ] main                 Evaluating XAUT_USDT @ 4700.00
2026-05-13 11:28:33 [INFO    ] main                 Evaluating SILVER_USDT @ 86.67
2026-05-13 11:28:33 [INFO    ] main                 Evaluating USOIL_USDT @ 97.58
2026-05-13 11:28:37 [INFO    ] main                 Evaluating BTC_USDT @ 81019.80
2026-05-13 11:28:37 [INFO    ] main                 Evaluating ETH_USDT @ 2300.96
2026-05-13 11:28:37 [INFO    ] main                 Evaluating XAUT_USDT @ 4700.00
2026-05-13 11:28:37 [INFO    ] main                 Evaluating SILVER_USDT @ 86.67
2026-05-13 11:28:37 [INFO    ] main                 Evaluating USOIL_USDT @ 97.58
2026-05-13 11:28:40 [INFO    ] main                 Evaluating BTC_USDT @ 81017.20
2026-05-13 11:28:40 [INFO    ] main                 Evaluating ETH_USDT @ 2300.85
2026-05-13 11:28:40 [INFO    ] main                 Evaluating XAUT_USDT @ 4700.20
2026-05-13 11:28:40 [INFO    ] main                 Evaluating SILVER_USDT @ 86.67
2026-05-13 11:28:40 [INFO    ] main                 Evaluating USOIL_USDT @ 97.58
2026-05-13 11:28:43 [INFO    ] main                 Evaluating BTC_USDT @ 81017.10
2026-05-13 11:28:43 [INFO    ] main                 Evaluating ETH_USDT @ 2300.86
2026-05-13 11:28:43 [INFO    ] main                 Evaluating XAUT_USDT @ 4700.10
2026-05-13 11:28:43 [INFO    ] main                 Evaluating SILVER_USDT @ 86.67
2026-05-13 11:28:43 [INFO    ] main                 Evaluating USOIL_USDT @ 97.58
2026-05-13 11:28:46 [INFO    ] main                 Evaluating BTC_USDT @ 81017.00
2026-05-13 11:28:46 [INFO    ] main                 Evaluating ETH_USDT @ 2300.86
2026-05-13 11:28:46 [INFO    ] main                 Evaluating XAUT_USDT @ 4700.00
2026-05-13 11:28:47 [INFO    ] main                 Evaluating SILVER_USDT @ 86.67
2026-05-13 11:28:47 [INFO    ] main                 Evaluating USOIL_USDT @ 97.58
2026-05-13 11:28:48 [WARNING ] mexc_client          WebSocket closed: None None
2026-05-13 11:28:50 [INFO    ] main                 Evaluating BTC_USDT @ 81017.00
2026-05-13 11:28:50 [INFO    ] main                 Evaluating ETH_USDT @ 2300.86
2026-05-13 11:28:50 [INFO    ] main                 Evaluating XAUT_USDT @ 4700.00
2026-05-13 11:28:50 [INFO    ] main                 Evaluating SILVER_USDT @ 86.67
2026-05-13 11:28:50 [INFO    ] main                 Evaluating USOIL_USDT @ 97.58
2026-05-13 11:28:53 [INFO    ] main                 Evaluating BTC_USDT @ 81017.00
2026-05-13 11:28:53 [INFO    ] main                 Evaluating ETH_USDT @ 2300.86
2026-05-13 11:28:53 [INFO    ] main                 Evaluating XAUT_USDT @ 4700.00
2026-05-13 11:28:53 [INFO    ] main                 Evaluating SILVER_USDT @ 86.67
2026-05-13 11:28:53 [INFO    ] main                 Evaluating USOIL_USDT @ 97.58
2026-05-13 11:28:53 [INFO    ] mexc_client          Reconnecting WebSocket...
2026-05-13 11:28:55 [INFO    ] mexc_client          WebSocket connected
2026-05-13 11:28:55 [INFO    ] mexc_client          WebSocket ready
2026-05-13 11:28:55 [INFO    ] mexc_client          Subscribed to BTC_USDT
2026-05-13 11:28:55 [INFO    ] mexc_client          Subscribed to ETH_USDT
2026-05-13 11:28:55 [INFO    ] mexc_client          Subscribed to XAUT_USDT
2026-05-13 11:28:55 [INFO    ] mexc_client          Subscribed to SILVER_USDT
2026-05-13 11:28:55 [INFO    ] mexc_client          Subscribed to USOIL_USDT
2026-05-13 11:28:56 [INFO    ] main                 Evaluating BTC_USDT @ 81017.00
2026-05-13 11:28:56 [INFO    ] main                 Evaluating ETH_USDT @ 2300.86
2026-05-13 11:28:56 [INFO    ] main                 Evaluating XAUT_USDT @ 4700.00
2026-05-13 11:28:56 [INFO    ] main                 Evaluating SILVER_USDT @ 86.67
2026-05-13 11:28:56 [INFO    ] main                 Evaluating USOIL_USDT @ 97.58
